capacity,cost
36,299.402435
130.924927,218.129913
360,94.371162
362,93.819542
