capacity,cost
36,385.052155
130.97261,280.439087
360,121.383812
362,120.559708
