capacity,cost
36,384.61615
125.024239,285.890381
238.681015,203.887527
362,121.000763
