capacity,cost
36,320.522003
130.973267,233.439575
360,101.042068
362,100.576469
