capacity,cost
36,360.04007
130.972397,262.221985
360,113.499802
362,113.096909
