capacity,cost
36,388.257019
130.96817,282.776123
360,122.391205
362,121.659264
