capacity,cost
36,299.558411
130.968536,218.174255
360,94.432709
362,93.7323
