capacity,cost
36,329.016846
130.965881,239.630249
360,103.712044
362,103.217934
