capacity,cost
36,301.041595
130.973145,219.25174
360,94.900124
362,94.289452
