capacity,cost
36,362.327423
125.027084,269.320099
238.764664,192.016815
362,113.989967
