capacity,cost
36,369.334473
125.031723,274.523071
238.774796,195.724808
362,116.192978
