capacity,cost
36,361.047424
130.973267,262.954895
360,113.817192
362,112.798851
