capacity,cost
0,0
18.450001,627.299988
