capacity,cost
0,0
18.450001,2573.780029
