capacity,cost
0,0
17.860001,1616.329956
