capacity,cost
0,0
18.450001,1586.699951
