capacity,cost
0,0
17.860001,1643.119995
