capacity,cost
1.43,765.140015
1.58,601.169983
1.72,472.230011
1.86,372.059998
2.01,280.029999
2.15,194.199997
2.29,117.209999
2.44,64.150002
2.58,34.169998
2.72,10.61
2.87,0
