capacity,cost
2.84,1517.699951
3.13,1192.439941
3.41,936.690002
3.7,738
3.98,555.460022
4.26,385.209991
4.55,232.479996
4.83,127.25
5.12,67.769997
5.4,21.040001
5.69,0
