capacity,cost
0.08,41.970001
0.09,25.889999
0.1,20.282343
0.11,14.679844
0.12,9.097343
0.13,3.52
0.14,1.87
0.15,0.58
0.16,0
