capacity,cost
3.33,1777.920044
3.66,1396.900024
4,1097.290039
4.33,864.539978
4.66,650.700012
5,451.25
5.33,272.339996
5.66,149.070007
5.99,79.389999
6.33,24.65
6.66,0
