capacity,cost
3.02,1610.839966
3.32,1265.619995
3.62,994.179993
3.92,783.299988
4.22,589.549988
4.53,408.850006
4.83,246.740005
5.13,135.059998
5.43,71.93
5.73,22.33
6.03,0
