capacity,cost
0.56,300.670013
0.62,236.229996
0.68,185.550003
0.73,146.199997
0.79,108.068184
0.84,76.309998
0.9,46.049999
0.96,25.209999
1.01,13.42
1.07,4.17
1.13,0
