capacity,cost
2.65,1416.719971
2.92,1113.109985
3.18,874.349976
3.45,688.890015
3.72,518.5
3.98,359.579987
4.25,217.009995
4.51,118.779999
4.78,63.259998
5.04,19.639999
5.31,0
