capacity,cost
0.58,307.640015
0.63,241.720001
0.69,189.860001
0.75,149.589996
0.81,110.580002
0.86,78.089996
0.92,47.119999
0.98,25.799999
1.04,13.74
1.09,4.26
1.15,0
