capacity,cost
21.530001,166738.28125
25.32,21921.990234
27.219999,8509.049805
29.120001,2734.73999
30.07,1129.449951
31.02,0
