capacity,cost
21.530001,166738.28125
25.32,21921.990234
27.219999,8509.049805
28.17,5061.569824
29.120001,2734.73999
29.59,1859.939941
30.07,1129.449951
30.540001,516.549988
31.02,0
