capacity,cost
9.84,10087.719727
10.83,8583.990234
11.81,7194.779785
12.79,5904.5
13.78,4691.799805
14.76,3548.649902
15.75,2478.550049
16.73,1509.579956
17.719999,741.849976
18.700001,213.889999
19.68,0
