capacity,cost
28.43,29137.490234
31.27,24793.830078
34.119999,20782.160156
36.959999,17055.080078
39.799999,13552.209961
42.639999,10249.990234
45.490002,7158.950195
48.330002,4360.189941
51.169998,2142.540039
54.02,617.75
56.860001,0
