capacity,cost
1.34,1377.219971
1.48,1171.670044
1.61,982.789978
1.75,805.368896
1.88,640.640015
2.02,483.772949
2.15,338.130005
2.28,206.360001
2.42,101.419998
2.55,29.25
2.69,0
