capacity,cost
2.4,2455
2.63,2089.669922
2.87,1751.180054
3.11,1436.75
3.35,1142.130005
3.59,863.530029
3.83,603.570007
4.07,367.450012
4.31,180.399994
4.55,52.139999
4.79,0
