capacity,cost
33.509998,34343.730469
36.860001,29223.630859
40.209999,24494.609375
43.560001,20101.369141
46.91,15973.209961
50.259998,12081.599609
53.610001,8437.959961
56.959999,5139.620117
60.32,2525.639893
63.669998,728.169983
67.019997,0
