capacity,cost
29.01,29737.699219
31.92,25304.679688
34.82,21209.349609
37.720001,17405.640625
40.619999,13830.669922
43.52,10460.509766
46.419998,7306.660156
49.32,4450.27002
52.23,2187.080078
55.130001,630.47998
58.029999,0
