capacity,cost
14.73,15095.419922
16.200001,12845.389648
17.67,10766.759766
19.15,8835.179688
20.620001,7020.669922
22.09,5310.140137
23.57,3708.939941
25.040001,2259.179932
26.51,1110.469971
27.98,319.98999
29.459999,0
