capacity,cost
19.809999,20301.660156
21.790001,17275.119141
23.77,14480.230469
25.75,11883.370117
27.73,9442.769531
29.709999,7141.910156
31.690001,4988.180176
33.669998,3038.100098
35.66,1492.97998
37.639999,430.26001
39.619999,0
