capacity,cost
0.77,788.429993
0.85,668.062683
0.92,562.76001
1,461.200012
1.08,363.141998
1.15,277.359985
1.23,193.929993
1.31,118.32
1.38,57.84
1.46,16.67
1.54,0
