capacity,cost
0,3375.650146
420.962494,2025.390015
631.443726,1350.26001
841.924988,675.130005
1052.40625,0
