capacity,cost
0,4340.919922
420.962494,2604.552002
631.443726,1736.36792
841.924988,868.18396
1052.40625,0
