capacity,cost
0,4332.84668
420.962494,2599.708008
631.443726,1733.13855
841.924988,866.569275
1052.40625,0
