capacity,cost
0,3613.423584
420.962494,2168.054199
631.443726,1445.369507
841.924988,722.684753
1052.40625,0
