capacity,cost
0,4058.941895
420.962494,2435.365234
631.443726,1623.576782
841.924988,811.788391
1052.40625,0
