capacity,cost
0,4377.06543
420.962494,2626.239258
631.443726,1750.82605
841.924988,875.413025
1052.40625,0
