capacity,cost
0,3377.08374
420.962494,2026.250244
631.443726,1350.833496
841.924988,675.416748
1052.40625,0
