capacity,cost
0,3709.19165
420.962494,2225.514893
631.443726,1483.676636
841.924988,741.838318
1052.40625,0
