capacity,cost
0,3393.808838
420.962494,2036.285278
631.443726,1357.52356
841.924988,678.76178
1052.40625,0
