capacity,cost
0,4081.759766
420.962494,2449.055908
631.443726,1632.703857
841.924988,816.351929
1052.40625,0
