capacity,cost
0,4160.711914
420.962494,2496.427002
631.443726,1664.284668
841.924988,832.142334
1052.40625,0
