capacity,cost
0,4070.29126
420.962494,2442.174805
631.443726,1628.116455
841.924988,814.058228
1052.40625,0
