elevation,area,capacity
507,0.600000023841858,50
522,0.810000002384186,65
527,0.814999997615814,70
530,0.815999984741211,72.4000015258789