capacity,cost
0,108.994102
14.8,65.396461
22.200001,43.597641
29.6,21.79882
37,0
