capacity,cost
0,140.161057
14.8,84.096634
22.200001,56.064419
29.6,28.032209
37,0
