capacity,cost
0,139.900375
14.8,83.940224
22.200001,55.960148
29.6,27.980074
37,0
