capacity,cost
0,116.67141
14.8,70.002846
22.200001,46.668564
29.6,23.334282
37,0
