capacity,cost
0,131.056458
14.8,78.633873
22.200001,52.422581
29.6,26.21129
37,0
