capacity,cost
0,141.328125
14.8,84.796875
22.200001,56.53125
29.6,28.265625
37,0
