capacity,cost
0,109.04039
14.8,65.424232
22.200001,43.616154
29.6,21.808077
37,0
