capacity,cost
0,119.763596
14.8,71.858154
22.200001,47.905437
29.6,23.952719
37,0
