capacity,cost
0,109.580414
14.8,65.748245
22.200001,43.832165
29.6,21.916082
37,0
