capacity,cost
0,131.793198
14.8,79.07592
22.200001,52.717281
29.6,26.358641
37,0
