capacity,cost
0,134.342438
14.8,80.605461
22.200001,53.736973
29.6,26.868486
37,0
