capacity,cost
0,131.422897
14.8,78.853737
22.200001,52.56916
29.6,26.28458
37,0
