capacity,cost
10,12597.84668
27.5,941.505798
83.5802,654.453796
144.850037,424.297638
181.5,338.658875
189.666672,330.941071
197.833328,323.223267
208,313.615356
