capacity,cost
10,16421.361328
27.5,1272.69751
97.983948,823.906372
173.072632,508.315521
181.5,491.834808
201,486.333282
220.5,480.831757
242,474.765991
