capacity,cost
10,16369.558594
27.5,1264.904541
99.263428,810.899902
172.50267,505.713287
181.5,487.358704
199.333328,480.446198
217.166672,473.533661
237,465.845917
