capacity,cost
10,13485.204102
27.5,1007.809753
83.587608,700.51178
144.85321,454.166412
181.5,362.514069
189.666672,354.263763
197.833328,346.013458
208,335.742676
