capacity,cost
10,15232.648438
27.5,1158.254639
90.277779,777.851074
157.052277,494.382263
181.5,434.66217
193.333328,424.471008
205.166672,414.279816
219,402.366211
