capacity,cost
10,16558.113281
27.5,1280.727661
103.437447,801.545837
176.632126,502.888428
181.5,493.590637
201,489.242706
220.5,484.894775
242,480.100891
