capacity,cost
10,12673.743164
27.5,964.440247
87.585281,659.196228
154.360199,418.542725
181.5,362.306732
193.333328,353.36264
205.166672,344.418549
219,333.96283
