capacity,cost
10,13842.608398
27.5,1033.79187
86.109566,706.510803
147.382309,458.140991
181.5,371.908203
189.666672,363.759369
197.833328,355.610535
208,345.466064
