capacity,cost
10,12665.698242
27.5,945.981995
86.107666,646.538269
147.381317,419.278687
181.5,340.377594
189.666672,332.861572
197.833328,325.345551
208,315.988892
