capacity,cost
10,15441
27.5,1196.734253
97.368622,778.403015
170.655151,485.152313
181.5,464.593536
201,458.301819
220.5,452.010071
242,445.073059
