capacity,cost
10,15739.668945
27.5,1219.878052
97.380821,793.404968
170.655899,494.53894
181.5,473.582916
201,467.168488
220.5,460.754059
242,453.681702
