capacity,cost
10,15397.618164
27.5,1194.569214
94.186783,792.774414
167.533157,492.624329
181.5,465.387848
201,457.94928
220.5,450.510742
242,442.309265
