capacity,cost
6.96,53430.878906
8.06,7024.850098
8.61,2726.709961
9.16,876.340027
9.44,361.929993
9.72,0
