capacity,cost
6.96,53430.878906
8.06,7024.850098
8.61,2726.709961
8.89,1621.969971
9.16,876.340027
9.3,596.01001
9.44,361.929993
9.58,165.529999
9.72,0
