capacity,cost
3.56,841729.0625
10.68,99099.5
17.799999,31109.070312
24.92,11142.240234
28.48,6090.140137
32.040001,2563.370117
33.82,1185.390015
35.599998,0
