capacity,cost
3.54,837212.5
10.62,98567.742188
17.700001,30942.150391
24.780001,11082.459961
28.32,6057.459961
31.860001,2549.610107
33.639999,1179.030029
35.41,0
