capacity,cost
2.05,485545.25
6.16,57164.820312
10.27,17945.039062
14.37,6427.319824
16.43,3513.050049
18.48,1478.660034
19.51,683.780029
20.530001,0
