elevation,area,capacity
429.341705,0.292166,11
446.42691,0.405006,17.219999
459.565857,0.52005,23.440001
470.274475,0.637239,29.67
479.256042,0.755894,35.889999
486.956268,0.875955,42.110001
493.648987,0.997226,48.330002
499.531158,1.119749,54.560001
504.719971,1.243006,60.779999
509.327362,1.367091,67
