capacity,cost
0,94.247078
13.04652,63.675201
19.56978,49.719852
26.09304,36.256466
32.616302,23.258289
39.139561,10.936072
45.662823,0
