capacity,cost
0,121.12645
13.465796,84.188065
20.198694,65.892326
26.931591,47.663654
33.66449,29.530066
40.397388,13.86793
47.130287,0
