capacity,cost
0,121.942039
13.465796,86.585526
20.198694,69.006134
26.931591,51.523273
33.66449,34.147285
40.397388,16.970114
47.130287,0
