capacity,cost
0,101.197441
12.162663,68.998543
18.243996,54.237457
24.325327,39.915016
30.40666,26.006227
36.487991,12.602177
42.569324,0
