capacity,cost
0,113.524986
13.465796,77.924393
20.198694,61.071842
26.931591,44.714298
33.66449,28.881035
40.397388,13.765797
47.130287,0
