capacity,cost
0,122.072723
13.465796,84.166954
20.198694,65.740623
26.931591,47.541111
33.66449,29.722843
40.397388,13.903882
47.130287,0
