capacity,cost
0,94.570892
13.04652,65.077988
19.56978,51.17701
26.09304,37.635426
32.616302,24.464838
39.139561,11.797939
45.662823,0
