capacity,cost
0,102.872894
13.465796,62.689499
20.198694,47.352081
26.931591,33.617348
33.66449,21.272188
40.397388,9.901238
47.130287,0
