capacity,cost
0,94.846764
13.465796,64.317696
20.198694,50.203568
26.931591,36.601959
33.66449,23.563829
40.397388,11.219764
47.130287,0
