capacity,cost
0,114.868332
13.04652,80.75396
19.56978,64.473869
26.09304,48.250004
32.616302,32.077484
39.139561,15.974023
45.662823,0
