capacity,cost
0,117.091064
13.465796,82.259613
20.198694,65.626022
26.931591,49.072769
33.66449,32.607075
40.397388,16.238684
47.130287,0
