capacity,cost
0,114.601135
13.04652,81.440773
19.56978,65.017487
26.09304,48.645367
32.616302,32.323406
39.139561,16.081165
45.662823,0
