capacity,cost
0.22,171.520004
0.24,126.150002
0.27,85.598
0.29,58.580002
0.31,40.290001
0.33,27.459999
0.36,17.507999
0.38,10.89
0.4,5.83
0.42,1.8
0.45,0
