capacity,cost
70.639999,54582.589844
77.699997,40279.820312
84.769997,27656.859375
91.830002,18544.449219
98.889999,12777.900391
105.959999,8734.320312
113.019997,5664.120117
120.089996,3433.550049
127.150002,1836.23999
134.210007,567.330017
141.279999,0
