capacity,cost
60.59,46819.050781
66.650002,34550.140625
72.709999,23723.560547
78.769997,15906.94043
84.830002,10960.400391
90.889999,7491.819824
96.949997,4858.540039
103.010002,2945.159912
109.07,1574.98999
115.120003,486.649994
121.18,0
