capacity,cost
1.57,1214.680054
1.73,897.090027
1.89,615.400024
2.04,413.059998
2.2,284.390015
2.36,194.600006
2.52,126.089996
2.67,76.559998
2.83,40.91
2.99,12.59
3.15,0
