capacity,cost
49.049999,37897.621094
53.950001,27966.109375
58.849998,19202.380859
63.759998,12875.919922
68.660004,8871.769531
73.57,6064.439941
78.470001,3932.560059
83.379997,2383.949951
88.279999,1274.97998
93.190002,393.880005
98.089996,0
