capacity,cost
0.7,539.549988
0.77,398.73999
0.84,273.100006
0.91,183.389999
0.98,126.620003
1.05,86.370003
1.12,56.139999
1.19,33.939999
1.26,18.209999
1.33,5.59
1.4,0
