capacity,cost
10.7,8270.490234
11.77,6103.640137
12.84,4191.279785
13.92,2809.77002
14.99,1936.140015
16.059999,1323.550049
17.129999,858.409973
18.200001,520.23999
19.27,278.25
20.34,86.010002
21.41,0
