capacity,cost
28.73,22201.160156
31.610001,16384.310547
34.48,11249.240234
37.349998,7543.279785
40.23,5197.419922
43.099998,3552.919922
45.970001,2303.949951
48.849998,1396.550049
51.720001,746.929993
54.59,230.729996
57.470001,0
