capacity,cost
26.41,13213.969727
29.049999,10320.5
31.690001,8149.02002
34.330002,6436.790039
36.98,4828.379883
39.619999,3342.52002
42.259998,1985.910034
44.900002,1040.829956
47.540001,543.580017
50.18,166.220001
52.82,0
