capacity,cost
36.860001,18443.570312
40.549999,14404.629883
44.23,11373.980469
47.919998,8983.889648
51.610001,6739.240234
55.290001,4665.47998
58.98,2771.800049
62.669998,1452.800049
66.349998,758.700012
70.040001,232.020004
73.730003,0
