capacity,cost
2.63,1317.719971
2.9,1029.439941
3.16,812.630005
3.42,642.039978
3.69,481.480011
3.95,333.450012
4.21,198
4.48,103.839996
4.74,54.189999
5,16.6
5.27,0
