capacity,cost
2.4,1198.209961
2.63,935.909973
2.87,739.070007
3.11,583.849976
3.35,437.730011
3.59,303.040009
3.83,180.059998
4.07,94.389999
4.31,49.310001
4.55,15.1
4.79,0
