capacity,cost
1.46,731.190002
1.61,570.900024
1.75,451.079987
1.9,356.230011
2.05,267.149994
2.19,184.839996
2.34,109.980003
2.48,57.630001
2.63,30.08
2.78,9.17
2.92,0
