capacity,cost
12.36,6182.129883
13.59,4828.220215
14.83,3812.610107
16.059999,3011.419922
17.299999,2258.969971
18.540001,1563.699951
19.77,929.210022
21.01,486.98999
22.24,254.320007
23.48,77.739998
24.709999,0
