capacity,cost
22.77,11390.849609
25.040001,8896.530273
27.32,7024.589844
29.6,5548.549805
31.870001,4162.319824
34.150002,2881.429932
36.43,1711.959961
38.700001,897.25
40.98,468.600006
43.259998,143.289993
45.529999,0
