capacity,cost
0.11,123.919998
0.13,87.077774
0.14,68.656799
0.15,50.255833
0.16,31.860001
0.17,17.49
0.18,8.63
0.2,4.42
0.21,2.33
0.22,0.71
0.23,0
