capacity,cost
0.22,242.009995
0.25,180.834717
0.27,140.052353
0.29,99.290001
0.31,62.220001
0.34,34.16
0.36,16.85
0.38,8.66
0.4,4.54
0.43,1.39
0.45,0
