capacity,cost
0.29,311.869995
0.32,245.720001
0.35,183.630402
0.38,121.560799
0.4,80.190002
0.43,44.02
0.46,21.709999
0.49,11.16
0.52,5.85
0.55,1.79
0.58,0
