capacity,cost
0.29,316.149994
0.32,249.089996
0.35,186.520004
0.38,129.710007
0.41,81.290001
0.44,44.630001
0.47,22.01
0.5,11.31
0.53,5.93
0.56,1.82
0.59,0
