capacity,cost
0.28,306.549988
0.31,241.529999
0.34,180.860001
0.37,125.779999
0.4,78.82
0.43,43.27
0.45,21.34
0.48,10.97
0.51,5.75
0.54,1.76
0.57,0
