capacity,cost
0.1,110.150002
0.11,86.790001
0.12,64.989998
0.13,45.200001
0.14,28.32
0.15,15.55
0.16,7.67
0.17,3.94
0.18,2.07
0.19,0.63
0.2,0
