capacity,cost
0,9661.567383
70.995842,5796.94043
106.493759,3864.626953
141.991684,1932.313477
177.489594,0
