capacity,cost
0,12424.300781
70.995842,7454.580078
106.493759,4969.720215
141.991684,2484.860107
177.489594,0
