capacity,cost
0,12401.193359
70.995842,7440.71582
106.493759,4960.477051
141.991684,2480.238525
177.489594,0
