capacity,cost
0,10342.107422
70.995842,6205.264648
106.493759,4136.842773
141.991684,2068.421387
177.489594,0
