capacity,cost
0,11617.241211
70.995842,6970.344727
106.493759,4646.896484
141.991684,2323.448242
177.489594,0
