capacity,cost
0,12527.75293
70.995842,7516.651855
106.493759,5011.101074
141.991684,2505.550537
177.489594,0
