capacity,cost
0,9665.670898
70.995842,5799.402344
106.493759,3866.268311
141.991684,1933.134155
177.489594,0
