capacity,cost
0,10616.208008
70.995842,6369.725098
106.493759,4246.483398
141.991684,2123.241699
177.489594,0
