capacity,cost
0,9713.540039
70.995842,5828.124023
106.493759,3885.416016
141.991684,1942.708008
177.489594,0
