capacity,cost
0,11682.548828
70.995842,7009.529297
106.493759,4673.019531
141.991684,2336.509766
177.489594,0
