capacity,cost
0,11908.520508
70.995842,7145.112305
106.493759,4763.408203
141.991684,2381.704102
177.489594,0
