capacity,cost
0,11649.724609
70.995842,6989.834473
106.493759,4659.889648
141.991684,2329.944824
177.489594,0
