capacity,cost
5.96,5709.27002
6.56,4674.080078
7.15,3727.889893
7.75,2864.73999
8.35,2087.540039
8.94,1417.02002
9.54,888.369995
10.14,473.23999
10.73,205.029999
11.33,63.669998
11.93,0
