capacity,cost
0.18,170.619995
0.2,130.92334
0.21,111.089996
0.23,85.779999
0.25,62.950001
0.27,42.310001
0.29,23.406666
0.3,13.97
0.32,6.12
0.34,1.96
0.36,0
