capacity,cost
0.33,319.609985
0.37,255.661407
0.4,207.717484
0.43,159.779999
0.47,113.632858
0.5,79.040001
0.53,49.540001
0.57,26.379999
0.6,11.44
0.63,3.54
0.67,0
