capacity,cost
0.32,305.920013
0.35,251.270004
0.38,199.869995
0.42,149.69429
0.45,112.080002
0.48,75.699997
0.51,47.759998
0.54,25.200001
0.58,11.04
0.61,3.36
0.64,0
