capacity,cost
2.85,2726
3.13,2232.699951
3.42,1779.75
3.7,1368.420044
3.99,996.369995
4.27,676.840027
4.56,424.549988
4.84,225.830002
5.12,98.010002
5.41,30.34
5.69,0
