capacity,cost
4.54,4345.279785
4.99,3559.030029
5.45,2837.919922
5.9,2181.070068
6.36,1588.75
6.81,1079.459961
7.26,676.580017
7.72,360.200012
8.17,156.089996
8.62,48.349998
9.08,0
