capacity,cost
0.17,165.410004
0.19,132.527771
0.21,99.645927
0.22,83.220001
0.24,60.389999
0.26,40.73
0.28,22.76
0.29,13.79
0.31,5.92
0.33,1.78
0.34,0
