capacity,cost
1.67,1602.670044
1.84,1312.75
2.01,1045.97998
2.18,804.26001
2.34,586.27002
2.51,397.5
2.68,249.240005
2.85,132.800003
3.01,57.689999
3.18,17.83
3.35,0
