capacity,cost
0.98,940.179993
1.08,768.659973
1.18,613.049988
1.28,471.161041
1.37,343.480011
1.47,233.360001
1.57,146.419998
1.67,78.150002
1.77,33.709999
1.86,10.46
1.96,0
