capacity,cost
8.26,49617.960938
10.7,6523.540039
11.91,2532.120117
12.52,1506.219971
13.13,813.799988
13.43,553.47998
13.74,336.100006
14.04,153.720001
14.34,0
