capacity,cost
8.26,49617.960938
10.7,6523.540039
11.91,2532.120117
13.13,813.799988
13.74,336.100006
14.34,0
