capacity,cost
106.830002,44863.878906
117.510002,37604.160156
128.190002,31329.609375
138.880005,25720.970703
149.559998,20320.519531
160.240005,15082.929688
170.929993,10123.980469
181.610001,6100.22998
192.289993,3245.310059
202.970001,1013.460022
213.660004,0
