capacity,cost
1.06,443.720001
1.16,371.690002
1.27,310.01001
1.37,254.360001
1.48,199.318573
1.58,149.300003
1.69,100.089996
1.8,60.169998
1.9,32.110001
2.01,9.96
2.11,0
