capacity,cost
9.64,4048.459961
10.6,3393.370117
11.57,2827.120117
12.53,2321.01001
13.49,1833.689941
14.46,1361.069946
15.42,913.590027
16.389999,550.469971
17.35,292.850006
18.32,91.449997
19.280001,0
