capacity,cost
5.2,2183.330078
5.72,1829.959961
6.24,1524.51001
6.76,1251.51001
7.28,988.640015
7.8,734.190002
8.32,492.809998
8.84,296.929993
9.36,157.970001
9.88,49.330002
10.4,0
