capacity,cost
264.809998,111213
291.299988,93216.882812
317.779999,77662.078125
344.26001,63758.878906
370.73999,50372.269531
397.220001,37388.839844
423.700012,25096.599609
450.179993,15121.599609
476.670013,8044.549805
503.149994,2512.27002
529.630005,0
