capacity,cost
258.48999,108557.203125
284.339996,90991.296875
310.190002,75807.726562
336.040009,62236.859375
361.890015,49169.730469
387.73999,36496.148438
413.589996,24497.289062
439.440002,14760.339844
465.290009,7852.459961
491.130005,2452.209961
516.97998,0
