capacity,cost
195.639999,82161.65625
215.199997,68866.773438
234.770004,57374.988281
254.330002,47103.769531
273.890015,37213.828125
293.459991,27622.099609
313.019989,18540.679688
332.589996,11171.209961
352.149994,5943.189941
371.709991,1855.97998
391.279999,0
