capacity,cost
3.51,1472.25
3.86,1233.72998
4.21,1028.140015
4.56,843.859985
4.91,666.929993
5.26,494.839996
5.61,332.380005
5.96,200.160004
6.31,106.629997
6.66,33.299999
7.01,0
