capacity,cost
38.849998,16316.009766
42.740002,13675.929688
46.619999,11393.900391
50.509998,9354.25
54.389999,7390.319824
58.279999,5485.600098
62.16,3682.219971
66.050003,2218.419922
69.93,1180.189941
73.82,368.559998
77.699997,0
