capacity,cost
0.24,67.699997
0.27,55.896591
0.29,48.030952
0.32,36.257492
0.34,28.416277
0.36,20.58
0.39,12.308
0.41,6.81
0.44,3.32
0.46,1.02
0.48,0
