capacity,cost
0.45,125.349998
0.49,107.389999
0.54,87.735558
0.58,72.029999
0.63,53.175556
0.67,38.110001
0.72,23.34
0.76,12.61
0.81,6.14
0.85,1.89
0.9,0
