capacity,cost
0.14,38.810001
0.15,33.25
0.17,25.090618
0.18,21.015308
0.19,16.959999
0.21,10.463333
0.22,7.23
0.24,3.666667
0.25,1.9
0.26,0.58
0.28,0
