capacity,cost
20.110001,162589.203125
22.120001,81628.351562
24.129999,31751.859375
26.139999,16110.410156
28.15,11334.280273
30.16,6828.569824
32.169998,3894.429932
34.18,2463.76001
36.189999,1331.420044
38.200001,414.040009
40.209999,0
