capacity,cost
0.05,200.210007
0.06,38.060001
0.07,16.129999
0.08,5.82
0.09,0.98
0.1,0
