capacity,cost
25.92,209620.90625
28.51,105206
31.1,40934.238281
33.689999,20768.929688
36.290001,14611.410156
38.880001,8803.160156
41.470001,5020.399902
44.060001,3175.939941
46.650002,1716.25
49.25,533.539978
51.84,0
