capacity,cost
19.200001,155237.40625
21.120001,77911.429688
23.030001,30320.220703
24.950001,15381.019531
26.870001,10821.570312
28.790001,6520.180176
30.709999,3717.780029
32.630001,2352.02002
34.549999,1271.030029
36.470001,395.269989
38.389999,0
