capacity,cost
3.87,31267.960938
4.25,15695.639648
4.64,6106.72998
5.03,3098.199951
5.41,2179.530029
5.8,1313.300049
6.19,748.929993
6.57,473.75
6.96,256.049988
7.35,79.599998
7.73,0
