capacity,cost
251,1264.017212
301.327881,1115.71936
623.542297,566.709778
827,368.903229
