capacity,cost
251,1591.955811
298.710022,1408.593872
614.45105,713.383057
757,522.59137
