capacity,cost
251,1334.110229
295.806213,1157.006714
589.495483,508.273529
647,410.252594
