capacity,cost
251,1022.197998
299.403717,868.688538
483.666687,530.484924
602,313.291199
