capacity,cost
251,1148.203613
299.406006,975.754211
483.666687,595.873718
602,351.912231
