capacity,cost
251,1648.815186
301.2258,1457.343994
621.031006,749.450134
832,481.268951
