capacity,cost
251,1380.5979
298.385925,1236.963501
615.921875,693.377625
892,414.00824
