capacity,cost
251,1200.879028
312.021088,1012.767578
540.333374,600.611145
687,335.844025
