capacity,cost
251,1461.502319
299.754089,1315.02124
611.613525,778.775269
932,443.352753
