capacity,cost
251,1255.040161
298.997009,1082.617798
589.409668,479.335144
647,386.088104
