capacity,cost
251,1309.407715
296.706757,1137.1073
599.586426,496.032196
662,401.955017
