capacity,cost
251,1352.13269
295.615753,1185.7146
602.704529,549.336365
707,403.427094
