capacity,cost
3.71,28298.140625
4.6,3720.51001
5.04,1444.119995
5.48,464.130005
5.7,191.690002
5.92,0
