capacity,cost
0,1033.888184
302.929474,698.515442
454.394226,545.425598
605.858948,397.732574
757.32373,255.142883
908.788452,119.968452
1060.253174,0
