capacity,cost
0,1328.754272
312.664703,923.541016
468.99707,722.837219
625.329407,522.869141
781.661804,323.944122
937.994141,152.130875
1094.326538,0
