capacity,cost
0,1337.701294
312.664703,949.841125
468.99707,756.995667
625.329407,565.209106
781.661804,374.594879
937.994141,186.161728
1094.326538,0
