capacity,cost
0,1110.133545
282.407043,756.912354
423.610596,594.983643
564.814087,437.866791
706.017639,285.287689
847.221191,138.245575
988.424683,0
