capacity,cost
0,1245.366455
312.664703,854.828735
468.99707,669.956665
625.329407,490.514801
781.661804,316.824249
937.994141,151.010468
1094.326538,0
