capacity,cost
0,1339.134888
312.664703,923.309448
468.99707,721.173096
625.329407,521.524841
781.661804,326.058899
937.994141,152.525253
1094.326538,0
