capacity,cost
0,1037.44043
302.929474,713.903992
454.394226,561.410583
605.858948,412.859711
757.32373,268.378693
908.788452,129.423111
1060.253174,0
