capacity,cost
0,1128.513184
312.664703,687.702332
468.99707,519.451233
625.329407,368.781494
781.661804,233.355392
937.994141,108.616348
1094.326538,0
