capacity,cost
0,1040.466675
312.664703,705.563599
468.99707,550.731934
625.329407,401.522644
781.661804,258.494659
937.994141,123.080536
1094.326538,0
