capacity,cost
0,1260.102783
302.929474,885.869019
454.394226,707.276794
605.858948,529.301392
757.32373,351.889221
908.788452,175.23465
1060.253174,0
