capacity,cost
0,1284.486206
312.664703,902.385986
468.99707,719.915955
625.329407,538.327148
781.661804,357.698822
937.994141,178.13797
1094.326538,0
