capacity,cost
0,1257.171631
302.929474,893.40332
454.394226,713.240295
605.858948,533.638489
757.32373,354.587006
908.788452,176.409988
1060.253174,0
