capacity,cost
1.63,6317.160156
1.8,3676.73999
1.96,2349
2.12,1912.859985
2.29,1557.780029
2.45,1245
2.62,954.832336
2.78,681.736145
2.94,408.660004
3.11,135.479996
3.27,0
