capacity,cost
13.59,11385.709961
14.95,8644.200195
16.309999,6304.549805
17.66,4291.970215
19.02,2533.169922
20.379999,1265.25
21.74,540.659973
23.1,222.809998
24.459999,117.309998
25.82,36.34
27.18,0
