capacity,cost
15.8,13239.099609
17.379999,10050.660156
18.959999,7330.560059
20.540001,4990.72998
22.120001,2945.070068
23.700001,1470.98999
25.280001,628.570007
26.860001,259.040009
28.440001,136.380005
30.02,42.25
31.6,0
