capacity,cost
0.11,91.879997
0.12,69.989998
0.13,51.32
0.14,34.400002
0.15,20.35
0.16,10.24
0.18,4.45
0.19,1.78
0.2,0.94
0.21,0.29
0.22,0
