capacity,cost
21,17600.050781
23.1,13362.230469
25.200001,9746.570312
27.299999,6635.540039
29.4,3915.639893
31.51,1955.689941
33.610001,835.619995
35.709999,344.429993
37.810001,181.330002
39.91,56.169998
42.009998,0
