capacity,cost
20.76,17391.839844
22.83,13204.700195
24.91,9631.320312
26.98,6556.640137
29.059999,3869.280029
31.129999,1932.77002
33.209999,825.789978
35.279999,340.339996
37.360001,179.199997
39.439999,55.5
41.509998,0
