capacity,cost
8.62,7221.839844
9.48,5483.629883
10.34,3999.22998
11.2,2723.189941
12.07,1606.839966
12.93,802.409973
13.79,342.98999
14.65,141.330002
15.51,74.389999
16.379999,23.049999
17.24,0
