capacity,cost
20.24,16957.480469
22.26,12875.169922
24.280001,9390.269531
26.309999,6393.390137
28.33,3772.550049
30.360001,1884.530029
32.380001,805.26001
34.400002,331.820007
36.43,174.710007
38.450001,54.110001
40.470001,0
