capacity,cost
7.86,6583.089844
8.64,4998.089844
9.43,3645.409912
10.21,2481.840088
11,1464.560059
11.78,731.51001
12.57,312.589996
13.36,128.820007
14.14,67.82
14.93,21.01
15.71,0
