capacity,cost
3.55,35191.710938
4.59,4626.839844
5.11,1795.920044
5.37,1068.290039
5.63,577.190002
5.76,392.559998
5.89,238.380005
6.02,109.019997
6.15,0
