capacity,cost
0,438.310455
160.847519,296.131256
241.271271,231.229767
321.695038,168.616241
402.118774,108.166229
482.542542,50.859879
562.966309,0
