capacity,cost
0,563.317078
166.016663,391.529449
249.024994,306.442322
332.033325,221.667099
415.041656,137.334076
498.049988,64.494934
581.058289,0
