capacity,cost
0,567.110107
166.016663,402.67923
249.024994,320.923584
332.033325,239.616867
415.041656,158.807159
498.049988,78.922104
581.058289,0
