capacity,cost
0,470.634186
149.950653,320.888275
224.92598,252.239594
299.901306,185.63089
374.876617,120.945938
449.851959,58.608349
524.827271,0
