capacity,cost
0,527.965332
166.016663,362.399292
249.024994,284.023926
332.033325,207.950684
415.041656,134.315659
498.049988,64.019943
581.058289,0
