capacity,cost
0,567.717834
166.016663,391.431274
249.024994,305.736816
332.033325,221.097214
415.041656,138.230621
498.049988,64.662125
581.058289,0
