capacity,cost
0,439.816406
160.847519,302.655121
241.271271,238.0065
321.695038,175.029297
402.118774,113.777466
482.542542,54.868122
562.966309,0
