capacity,cost
0,478.426117
166.016663,291.547089
249.024994,220.218094
332.033325,156.342606
415.041656,98.929558
498.049988,46.047222
581.058289,0
