capacity,cost
0,441.099365
166.016663,299.119293
249.024994,233.47937
332.033325,170.223007
415.041656,109.587189
498.049988,52.179226
581.058289,0
