capacity,cost
0,534.212708
160.847519,375.558624
241.271271,299.845581
321.695038,224.394028
402.118774,149.181229
482.542542,74.289635
562.966309,0
