capacity,cost
0,544.549866
166.016663,382.560913
249.024994,305.203857
332.033325,228.220413
415.041656,151.64418
498.049988,75.520477
581.058289,0
