capacity,cost
0,532.970093
160.847519,378.752777
241.271271,302.373749
321.695038,226.232712
402.118774,150.324951
482.542542,74.78791
562.966309,0
