capacity,cost
1.03,365894.90625
3.09,43078
5.14,13522.94043
7.2,4843.470215
8.23,2647.350098
9.26,1114.280029
9.77,515.280029
10.29,0
