capacity,cost
1.83,651539.5
5.5,76707.859375
9.16,24079.939453
12.82,8624.639648
14.66,4714.060059
16.49,1984.170044
17.4,917.549988
18.32,0
