capacity,cost
1.72,611737.1875
5.16,72021.8125
8.6,22608.910156
12.04,8097.77002
13.76,4426.080078
15.48,1862.959961
16.34,861.5
17.200001,0
