capacity,cost
1.27,451210.5625
3.81,53122.480469
6.34,16676.080078
8.88,5972.819824
10.15,3264.629883
11.42,1374.099976
12.05,635.429993
12.69,0
