capacity,cost
0.95,338833.1875
2.86,39891.929688
4.76,12522.780273
6.67,4485.25
7.62,2451.550049
8.57,1031.869995
9.05,477.170013
9.53,0
