capacity,cost
1.45,516229.625
4.35,60777.390625
7.26,19079.089844
10.16,6833.5
11.61,3735.060059
13.06,1572.109985
13.79,727
14.52,0
