capacity,cost
8.14,67728.367188
9.49,8904.620117
10.16,3456.340088
10.5,2055.98999
10.83,1110.839966
11,755.5
11.17,458.779999
11.34,209.820007
11.51,0
