capacity,cost
212,2352.665283
750.842712,1473.603516
1880.100708,819.00238
2422,617.49707
