capacity,cost
212,2165.833984
604.415466,1477.737915
913.324768,1160.491211
1977,573.749878
