capacity,cost
212,1986.548828
604.994141,1341.005127
914.169189,1044.987183
1852,558.381714
