capacity,cost
212,2311.017578
734.918518,1436.036987
1826.09668,787.033386
2302,597.825989
