capacity,cost
212,1736.546387
604.877136,1198.61145
928.368652,943.074036
2102,447.04187
