capacity,cost
212,1787.579956
587.905457,1216.165771
908.081238,927.740112
1852,480.186584
