capacity,cost
212,1709.177612
586.334656,1189.287842
898.163879,926.990234
2002,449.701263
