capacity,cost
212,2181.578857
749.30011,1340.86499
1842.737305,730.789429
2272,567.326782
