capacity,cost
212,2225.983154
753.927307,1400.262085
1871.026367,793.840332
2449,588.833435
