capacity,cost
146.600006,78268.523438
161.259995,61494.511719
175.919998,48305.351562
190.580002,38059.050781
205.25,28645.160156
219.899994,19865.359375
234.570007,11988.94043
249.229996,6562.580078
263.890015,3495.02002
278.549988,1085.030029
293.209991,0
