capacity,cost
1.18,628.099976
1.29,493.420013
1.41,387.51001
1.53,305.23999
1.65,229.003906
1.76,159.139999
1.88,95.900002
2,52.700001
2.12,28.07
2.23,8.71
2.35,0
