capacity,cost
4.05,2164.300049
4.46,1699.640015
4.86,1335.140015
5.27,1051.97998
5.67,791.840027
6.08,549.190002
6.48,331.529999
6.89,181.559998
7.3,96.589996
7.7,29.99
8.11,0
