capacity,cost
1.66,887.130005
1.83,697.450012
1.99,547.409973
2.16,431.540009
2.33,324.459991
2.49,225.169998
2.66,136.100006
2.83,74.370003
2.99,39.68
3.16,12.27
3.32,0
