capacity,cost
171.740005,91688.21875
188.910004,72038.671875
206.089996,56587.460938
223.259995,44584.660156
240.440002,33556.96875
257.609985,23271.380859
274.779999,14044.700195
291.959991,7687.689941
309.130005,4094.23999
326.309998,1271.109985
343.480011,0
