capacity,cost
29.040001,15505.650391
31.950001,12182.269531
34.849998,9568.980469
37.75,7539.600098
40.66,5674.459961
43.560001,3935.419922
46.470001,2374.889893
49.369999,1300.069946
52.279999,692.309998
55.18,214.990005
58.080002,0
