capacity,cost
136.850006,73060.617188
150.529999,57403.410156
164.220001,45090.628906
177.899994,35526.5
191.589996,26739.369141
205.270004,18543.550781
218.960007,11191.519531
232.639999,6125.72998
246.330002,3262.389893
260.01001,1012.859985
273.700012,0
