capacity,cost
2.57,1374.829956
2.83,1079.640015
3.09,848.409973
3.35,668.090027
3.6,503.070007
3.86,348.540009
4.12,210.460007
4.38,115.32
4.63,61.34
4.89,19.1
5.15,0
