capacity,cost
58.220001,31079.150391
64.040001,24418.929688
69.860001,19181.75
75.68,15112.700195
81.5,11374.870117
87.32,7888.560059
93.139999,4760.660156
98.959999,2605.949951
104.790001,1387.73999
110.610001,430.850006
116.43,0
