capacity,cost
0.38,231974.1875
1.14,27311.070312
1.9,8573.429688
2.66,3070.719971
3.05,1678.400024
3.43,706.450012
3.62,326.679993
3.81,0
