capacity,cost
0.73,442628.4375
2.18,52112.078125
3.63,16358.900391
5.09,5859.220215
5.81,3202.540039
6.54,1347.959961
6.9,623.349976
7.26,0
