capacity,cost
0.72,439875.78125
2.17,51788
3.61,16257.160156
5.05,5822.779785
5.78,3182.620117
6.5,1339.579956
6.86,619.469971
7.22,0
