capacity,cost
0.58,350830.4375
1.73,41304.410156
2.88,12966.179688
4.03,4644.060059
4.61,2538.350098
5.18,1068.410034
5.47,494.070007
5.76,0
