capacity,cost
0.42,254586.203125
1.25,29973.259766
2.09,9409.129883
2.92,3370.040039
3.34,1842
3.76,775.309998
3.97,358.529999
4.18,0
