capacity,cost
0.59,362451.25
1.78,42672.558594
2.97,13395.669922
4.16,4797.890137
4.76,2622.429932
5.35,1103.790039
5.65,510.429993
5.95,0
