capacity,cost
0.014644,78.75
0.017085,55.91
0.019526,39.014999
0.021967,22.139999
0.024407,6.76
0.026848,0
