capacity,cost
0.017085,113.360001
0.019526,82.919998
0.021967,61.66
0.024407,40.419998
0.026848,26.85
0.029289,14.815
0.03173,2.8
0.03417,0
