capacity,cost
0.012204,82.959999
0.014644,61.220001
0.017085,40.189999
0.019526,19.18
0.021967,6.36
0.024407,0
