capacity,cost
9.255298,61408.75
10.18034,52844.550781
11.105381,44920.660156
12.030423,37113.621094
12.957906,29429.640625
13.882947,21896.179688
14.807988,14545.459961
15.73303,8767.200195
16.658072,4824.47998
17.585554,1516.98999
18.510595,0
