capacity,cost
1.381461,9159.759766
1.518142,7883.709961
1.657265,6699.300293
1.793946,5535.689941
1.933069,4390.790039
2.06975,3266.340088
2.208873,2169.159912
2.347995,1308.209961
2.484677,719.710022
2.623799,226.029999
2.76048,0
