capacity,cost
15,23092.720703
16.5,19413.220703
18,15858.469727
19.51,12488.709961
21.01,9544.089844
22.51,7078.700195
24.01,4941.819824
25.51,3127.659912
27.01,1657.670044
28.51,503.929993
30.01,0
