capacity,cost
0.1,146.899994
0.11,101.730003
0.12,79.839996
0.13,60.700001
0.14,44.68
0.15,31.860001
0.16,20.07
0.17,10.52
0.18,3.02
0.19,0
