capacity,cost
0.92,1417.430054
1.01,1191.25
1.1,972.630005
1.2,765.48999
1.29,585.869995
1.38,434.320007
1.47,302.910004
1.56,192.300003
1.66,101.900002
1.75,30.969999
1.84,0
