capacity,cost
18.49,28453.769531
20.34,23921.050781
22.18,19539.830078
24.030001,15388.679688
25.879999,11759.44043
27.73,8722.370117
29.58,6088.649902
31.43,3853.820068
33.279999,2042.060059
35.130001,620.789978
36.970001,0
