capacity,cost
16.91,26028.039062
18.6,21881.480469
20.290001,17873.5
21.98,14077.679688
23.68,10757.620117
25.370001,7979.279785
27.059999,5569.939941
28.75,3525.5
30.440001,1868.089966
32.130001,567.900024
33.82,0
