capacity,cost
0.26,407.339996
0.29,337.134369
0.32,266.933746
0.34,220.149994
0.37,168.619995
0.4,119.655998
0.42,87.029999
0.45,55.299999
0.48,27.396
0.5,8.81
0.53,0
