capacity,cost
3.74,5764.47998
4.12,4845.069824
4.49,3958.159912
4.87,3117.830078
5.24,2381.669922
5.62,1766.859985
5.99,1233.709961
6.37,780.400024
6.74,413.630005
7.12,125.919998
7.49,0
