elevation,area,capacity
400,0.300000011920929,0
414.600006103516,0.769999980926514,10
425,1.20000004768372,20
450,2.79999995231628,65
473.5,4.55999994277954,160
509.799987792969,6,325