capacity,cost
0.81,355099.53125
2.44,41807.019531
4.07,13123.959961
5.69,4700.569824
6.5,2569.23999
7.32,1081.410034
7.72,500.079987
8.13,0
