capacity,cost
1.34,583737.25
4.01,68725.28125
6.68,21574.070312
9.36,7727.120117
10.69,4223.5
12.03,1777.689941
12.7,822.070007
13.37,0
