capacity,cost
1.38,601883.0625
4.13,70861.648438
6.89,22244.720703
9.65,7967.319824
11.03,4354.790039
12.4,1832.949951
13.09,847.619995
13.78,0
