capacity,cost
1.29,561962.1875
3.86,66161.632812
6.43,20769.300781
9.01,7438.879883
10.29,4065.949951
11.58,1711.380005
12.22,791.400024
12.87,0
