capacity,cost
0.61,264370.3125
1.82,31125.169922
3.03,9770.740234
4.24,3499.560059
4.84,1912.790039
5.15,1312.449951
5.45,805.099976
5.6,580.349976
5.75,372.309998
5.9,179.339996
6.05,0
