capacity,cost
1.08,471232.96875
3.24,55479.789062
5.4,17416.080078
7.55,6237.859863
8.63,3409.5
9.71,1435.069946
10.25,663.630005
10.79,0
