capacity,cost
0.89,387762.0625
2.66,45652.488281
4.44,14331.120117
6.22,5132.930176
7.1,2805.560059
7.99,1180.880005
8.43,546.080017
8.88,0
