capacity,cost
1.15,500266.3125
3.44,58897.980469
5.73,18489.109375
8.02,6622.189941
9.16,3619.560059
10.31,1523.48999
10.88,704.52002
11.45,0
