capacity,cost
116,12606.037109
848.284729,7879.837891
2695.00293,4425.120605
4302,2895.025391
