capacity,cost
116,10708.554688
852.177979,6694.861328
2713.722656,3756.722412
4332,2465.771484
