capacity,cost
116,11430.946289
677.510498,7695.702637
1544.227417,5453.674316
3702,2577.79248
