capacity,cost
0,4287.099121
428.807587,2572.259521
643.211426,1714.8396
857.615173,857.4198
1072.019043,0
