capacity,cost
0,5512.998535
428.807587,3307.799072
643.211426,2205.199463
857.615173,1102.599731
1072.019043,0
