capacity,cost
0,5502.745117
428.807587,3301.646973
643.211426,2201.098145
857.615173,1100.549072
1072.019043,0
