capacity,cost
0,4589.073242
428.807587,2753.443848
643.211426,1835.629272
857.615173,917.814636
1072.019043,0
