capacity,cost
0,5154.884277
428.807587,3092.930664
643.211426,2061.953857
857.615173,1030.976929
1072.019043,0
