capacity,cost
0,5558.90332
428.807587,3335.342041
643.211426,2223.561279
857.615173,1111.78064
1072.019043,0
