capacity,cost
0,4288.919922
428.807587,2573.351807
643.211426,1715.567871
857.615173,857.783936
1072.019043,0
