capacity,cost
0,4710.699219
428.807587,2826.419434
643.211426,1884.279663
857.615173,942.139832
1072.019043,0
