capacity,cost
0,4310.160645
428.807587,2586.096436
643.211426,1724.064331
857.615173,862.032166
1072.019043,0
