capacity,cost
0,5183.863281
428.807587,3110.317871
643.211426,2073.54541
857.615173,1036.772705
1072.019043,0
