capacity,cost
0,5284.132812
428.807587,3170.479736
643.211426,2113.653076
857.615173,1056.826538
1072.019043,0
