capacity,cost
0,5169.297852
428.807587,3101.578857
643.211426,2067.719238
857.615173,1033.859619
1072.019043,0
