capacity,cost
0.72,187857.9375
2.17,22117.119141
3.61,6942.950195
5.06,2486.73999
5.78,1359.199951
6.5,572.099976
6.86,264.559998
7.22,0
