capacity,cost
1.83,477082.875
5.5,56168.511719
9.17,17632.279297
12.84,6315.299805
14.67,3451.820068
16.51,1452.890015
17.42,671.869995
18.34,0
