capacity,cost
1.93,500856.1875
5.78,58967.421875
9.63,18510.910156
13.48,6630
15.4,3623.830078
17.33,1525.290039
18.290001,705.349976
19.25,0
