capacity,cost
1.63,423683.125
4.89,49881.589844
8.14,15658.709961
11.4,5608.430176
13.03,3065.459961
14.66,1290.27002
15.47,596.659973
16.290001,0
