capacity,cost
1.25,325667.59375
3.76,38341.898438
6.26,12036.200195
8.76,4310.970215
10.02,2356.290039
11.27,991.780029
11.89,458.630005
12.52,0
