capacity,cost
0.4,103405.039062
1.19,12174.209961
1.99,3821.699951
2.78,1368.810059
3.18,748.159973
3.38,513.349976
3.58,314.910004
3.68,227
3.78,145.619995
3.88,70.150002
3.98,0
