capacity,cost
0.82,213633.84375
2.46,25151.810547
4.11,7895.589844
5.75,2827.939941
6.57,1545.699951
7.39,650.590027
7.8,300.859985
8.21,0
