capacity,cost
1.41,366218.03125
4.22,43116.039062
7.04,13534.879883
9.86,4847.75
11.26,2649.689941
12.67,1115.27002
13.37,515.73999
14.08,0
