capacity,cost
0.57,201052.015625
1.71,23670.509766
2.86,7430.589844
4,2661.389893
4.57,1454.670044
5.14,612.280029
5.42,283.140015
5.71,0
