capacity,cost
1.45,510590.46875
4.35,60113.46875
7.25,18870.669922
10.15,6758.850098
11.6,3694.26001
13.05,1554.930054
13.78,719.049988
14.5,0
