capacity,cost
1.52,536033.5
4.57,63108.960938
7.61,19811.009766
10.66,7095.649902
12.18,3878.350098
13.7,1632.420044
14.46,754.890015
15.22,0
