capacity,cost
1.29,453440.21875
3.86,53384.988281
6.44,16758.490234
9.01,6002.339844
10.3,3280.76001
11.59,1380.890015
12.23,638.570007
12.88,0
