capacity,cost
0.25,88766.023438
0.76,10450.709961
1.26,3280.659912
1.76,1175.02002
2.02,642.25
2.14,440.670013
2.27,270.320007
2.33,194.860001
2.4,125.010002
2.46,60.209999
2.52,0
