capacity,cost
0.99,348540.625
2.97,41034.820312
4.95,12881.549805
6.93,4613.75
7.92,2521.780029
8.91,1061.430054
9.4,490.839996
9.9,0
