capacity,cost
0.65,228638.296875
1.95,26918.330078
3.25,8450.139648
4.55,3026.560059
5.19,1654.26001
5.84,696.289978
6.17,321.98999
6.49,0
