capacity,cost
1.11,391939.125
3.34,46144.261719
5.57,14485.5
7.79,5188.22998
8.91,2835.780029
10.02,1193.599976
10.58,551.960022
11.13,0
