capacity,cost
191.929993,61525.300781
211.119995,52163.398438
230.309998,43181.699219
249.509995,34712.199219
268.700012,26683.800781
287.890015,19041.599609
307.079987,12009.099609
326.279999,6533.100098
345.470001,3156.600098
364.660004,972.400024
383.850006,0
