capacity,cost
1.23,392.600006
1.35,333.100006
1.47,275.5
1.59,221.699997
1.72,169.638
1.84,121.599998
1.96,76.599998
2.08,41.799999
2.2,20.1
2.33,6.2
2.45,0
