capacity,cost
7.26,2327.300049
7.99,1973.199951
8.71,1633.400024
9.44,1313
10.16,1009.400024
10.89,720.299988
11.62,454.299988
12.34,247.100006
13.07,119.400002
13.79,36.799999
14.52,0
