capacity,cost
11.77,3774.5
12.95,3200.399902
14.13,2649.199951
15.31,2129.699951
16.49,1637
17.66,1168.300049
18.84,736.700012
20.02,400.899994
21.190001,193.600006
22.370001,59.700001
23.549999,0
