capacity,cost
236.490005,75810.898438
260.140015,64275.398438
283.790009,53208.398438
307.440002,42772.101562
331.089996,32879.398438
354.73999,23462.800781
378.390015,14797.700195
402.029999,8050
425.679993,3889.600098
449.329987,1198.199951
472.980011,0
