capacity,cost
5.62,3137.620117
6.18,2521.669922
6.75,2111.699951
7.31,1757.339966
7.87,1435.22998
8.43,1128.209961
9,838.929993
9.56,563.799988
10.12,314.839996
10.68,100.620003
11.24,0
