capacity,cost
16.24,9063.419922
17.860001,7284.160156
19.49,6100.120117
21.110001,5076.52002
22.74,4145.75
24.360001,3258.899902
25.98,2423.419922
27.610001,1628.800049
29.23,909.650024
30.85,290.660004
32.48,0
