capacity,cost
1.37,763.710022
1.51,613.849976
1.64,513.900024
1.78,427.690002
1.92,348.289642
2.05,274.579987
2.19,204.190002
2.33,137.25
2.46,76.68
2.6,24.530001
2.74,0
