capacity,cost
19.139999,10682.44043
21.049999,8585.5
22.969999,7189.810059
24.879999,5983.439941
26.799999,4886.299805
28.709999,3841.090088
30.629999,2856.280029
32.540001,1919.75
34.450001,1072.189941
36.369999,342.559998
38.279999,0
