capacity,cost
16.57,9249.780273
18.23,7434.02002
19.889999,6225.47998
21.549999,5181.040039
23.200001,4231.02002
24.860001,3325.969971
26.52,2473.209961
28.17,1662.280029
29.83,928.369995
31.49,296.579987
33.150002,0
