capacity,cost
8.41,4695.52002
9.25,3773.649902
10.1,3160.27002
10.94,2630.090088
11.78,2147.76001
12.62,1688.410034
13.46,1255.459961
14.3,843.820007
15.14,471.209991
15.99,150.550003
16.83,0
