capacity,cost
11.31,6314.75
12.45,5075.189941
13.58,4250.160156
14.71,3537.040039
15.84,2888.5
16.969999,2270.649902
18.1,1688.5
19.24,1134.819946
20.370001,633.799988
21.5,202.5
22.629999,0
