capacity,cost
0.44,245.149994
0.48,197.149994
0.53,163.945557
0.57,137.399994
0.62,109.747025
0.66,87.642647
0.7,65.540001
0.75,42.779999
0.79,24.59
0.83,7.89
0.88,0
