capacity,cost
4.56,2543.540039
5.01,2044.189941
5.47,1711.819946
5.92,1424.709961
6.38,1163.439941
6.84,914.549988
7.29,680.159973
7.75,457.109985
8.2,255.279999
8.66,81.529999
9.11,0
