capacity,cost
1.75,977.700012
1.93,785.72998
2.1,657.960022
2.28,547.52002
2.45,447.23999
2.63,351.549988
2.8,261.399994
2.98,175.649994
3.15,98.050003
3.33,31.360001
3.5,0
