capacity,cost
0,162.628006
813.140015,0
