capacity,cost
0,129.675995
648.380005,0
