capacity,cost
0,145.792007
728.960022,0
