capacity,cost
0,130.796005
653.97998,0
