capacity,cost
0,199.063995
995.320007,0
