capacity,cost
0,187.057999
935.289978,0
