capacity,cost
0,154.514008
772.570007,0
