capacity,cost
0,170.748001
853.73999,0
