capacity,cost
0,146.873993
734.369995,0
