capacity,cost
0,188.945999
944.72998,0
