capacity,cost
0.69,135288.953125
2.08,15928.009766
3.46,5000.080078
4.85,1790.859985
5.54,978.849976
6.24,412
6.58,190.520004
6.93,0
