capacity,cost
1.74,340487.53125
5.23,40086.699219
8.72,12583.919922
12.21,4507.140137
13.95,2463.52002
15.69,1036.910034
16.559999,479.5
17.440001,0
