capacity,cost
1.89,369537.46875
5.68,43506.851562
9.46,13657.55957
13.25,4891.689941
15.14,2673.699951
17.030001,1125.380005
17.98,520.409973
18.92,0
