capacity,cost
1.65,321270.28125
4.94,37824.191406
8.23,11873.679688
11.52,4252.759766
13.16,2324.47998
14.81,978.380005
15.63,452.440002
16.450001,0
