capacity,cost
1.21,236277.09375
3.63,27817.669922
6.05,8732.459961
8.47,3127.679932
9.68,1709.530029
10.89,719.549988
11.5,332.73999
12.1,0
