capacity,cost
0.75,145715.125
2.24,17155.509766
3.73,5385.419922
5.22,1928.880005
5.97,1054.290039
6.72,443.76001
7.09,205.210007
7.46,0
