capacity,cost
1.33,259972.015625
3.99,30607.349609
6.66,9608.179688
9.32,3441.330078
10.65,1880.969971
11.98,791.710022
12.65,366.109985
13.31,0
