capacity,cost
0.3,289.100006
0.33,236.839996
0.36,188.809998
0.39,145.050003
0.42,105.760002
0.45,71.779999
0.48,45.049999
0.51,23.98
0.54,10.38
0.57,3.22
0.6,0
