capacity,cost
0.41,389.420013
0.45,318.959991
0.49,254.25
0.53,195.490005
0.57,142.339996
0.61,96.690002
0.65,60.650002
0.69,32.259998
0.73,14
0.77,4.34
0.81,0
