capacity,cost
0.24,228.949997
0.26,187.539993
0.29,143.043045
0.31,113.395065
0.33,83.75
0.36,54.849998
0.38,35.599998
0.41,18.98
0.43,8.24
0.45,2.55
0.48,0
