capacity,cost
0.14,134.309998
0.15,109.809998
0.17,81.473335
0.18,67.32
0.2,44.096996
0.21,32.500492
0.22,20.91
0.24,10.166667
0.25,4.81
0.27,1.49
0.28,0
