capacity,cost
29.6,17526.916016
1001.300354,9864.731445
2085.964355,6929.478027
3472,4351.169922
