capacity,cost
29.6,22816.507812
1008.698975,12923.626953
2124.106201,9096.266602
3540,5735.804688
