capacity,cost
29.6,21730.396484
1003.60614,11872.250977
2000.023071,8394.411133
3165,5466.348633
