capacity,cost
29.6,18122.3125
1000.294739,9928.93457
1925.868896,7183.525879
3165,4546.438477
