capacity,cost
29.6,20356.689453
1001.97406,11137.242188
1963.585815,7964.177734
3165,5114.110352
