capacity,cost
29.6,23006.46875
1008.698425,13031.197266
2124.095459,9171.994141
3540,5783.583496
