capacity,cost
29.6,17750.421875
1008.69519,10054.129883
2124.146729,7076.444336
3540,4462.301758
