capacity,cost
29.6,18602.576172
1003.611755,10163.357422
2000.161377,7185.80127
3165,4679.504395
