capacity,cost
29.6,17838.328125
1006.890686,10118.194336
2085.770508,7196.398438
3540,4478.111328
