capacity,cost
29.6,20471.103516
1003.618591,11184.186523
2000.149292,7907.638672
3165,5149.580078
