capacity,cost
29.6,20867.064453
1003.616943,11400.530273
2000.202637,8060.393555
3165,5249.212402
