capacity,cost
29.6,20810.951172
1007.323853,11536.717773
2071.13916,8088.444336
3353,5165.366211
