capacity,cost
0.14,32987.460938
0.42,3883.719971
0.7,1219.170044
0.98,436.670013
1.12,238.669998
1.26,100.459999
1.33,46.459999
1.4,0
