capacity,cost
0.65,151841.703125
1.94,17876.820312
3.23,5611.850098
4.52,2009.97998
5.17,1098.619995
5.82,462.410004
6.14,213.839996
6.46,0
