capacity,cost
0.01,2754.429932
0.04,324.290009
0.06,101.800003
0.08,36.459999
0.09,19.93
0.1,13.67
0.11,8.39
0.113,6.05
0.115,3.88
0.117,1.87
0.12,0
