capacity,cost
0.68,160940.6875
2.05,18948.070312
3.42,5948.129883
4.79,2130.419922
5.48,1164.449951
6.16,490.119995
6.51,226.649994
6.85,0
