capacity,cost
0.53,123463.289062
1.58,14535.730469
2.63,4563.02002
3.68,1634.319946
4.2,893.289978
4.73,375.98999
4.99,173.869995
5.25,0
