capacity,cost
0.02,5709.189941
0.07,672.159973
0.12,211
0.17,75.57
0.19,41.310001
0.21,28.34
0.22,17.389999
0.225,12.53
0.23,8.04
0.235,3.87
0.24,0
