capacity,cost
0.32,75402.046875
0.96,8877.330078
1.6,2786.75
2.25,998.119995
2.57,545.549988
2.89,229.630005
3.05,106.190002
3.21,0
