capacity,cost
0.2,46727.121094
0.6,5501.339844
0.99,1726.969971
1.39,618.539978
1.59,338.079987
1.79,142.300003
1.89,65.800003
1.99,0
