capacity,cost
0.43,100211.71875
1.28,11798.25
2.13,3703.679932
2.99,1326.540039
3.41,725.059998
3.84,305.179993
4.05,141.130005
4.26,0
