capacity,cost
0,16.639999
83.199997,0
