capacity,cost
0,16.544001
82.720001,0
