capacity,cost
0,47623.296875
430.804688,28573.976562
646.207031,19049.318359
861.609375,9524.65918
1077.011719,0
