capacity,cost
0,61241.214844
430.804688,36744.730469
646.207031,24496.486328
861.609375,12248.243164
1077.011719,0
