capacity,cost
0,61127.316406
430.804688,36676.390625
646.207031,24450.925781
861.609375,12225.462891
1077.011719,0
