capacity,cost
0,61751.148438
430.804688,37050.6875
646.207031,24700.458984
861.609375,12350.229492
1077.011719,0
