capacity,cost
0,47643.519531
430.804688,28586.111328
646.207031,19057.408203
861.609375,9528.704102
1077.011719,0
