capacity,cost
0,52328.859375
430.804688,31397.316406
646.207031,20931.544922
861.609375,10465.772461
1077.011719,0
