capacity,cost
0,47879.476562
430.804688,28727.685547
646.207031,19151.791016
861.609375,9575.895508
1077.011719,0
