capacity,cost
0,57585.011719
430.804688,34551.007812
646.207031,23034.003906
861.609375,11517.001953
1077.011719,0
