capacity,cost
0,58698.859375
430.804688,35219.316406
646.207031,23479.542969
861.609375,11739.771484
1077.011719,0
