capacity,cost
12.008198,21650.730469
13.211712,18631.119141
14.406244,15837.290039
15.609758,13084.639648
16.813272,10375.400391
18.007805,7719.209961
19.211319,5127.459961
20.414833,3090.139893
21.609367,1701.040039
22.812881,534.869995
24.016396,0
