capacity,cost
0.053889,78.75
0.06287,55.91
0.071852,39.014999
0.080833,22.139999
0.089814,6.76
0.098796,0
