capacity,cost
0.06287,113.360001
0.071852,82.919998
0.080833,61.66
0.089814,40.419998
0.098796,26.85
0.107777,14.815
0.116759,2.8
0.12574,0
