capacity,cost
0.044907,82.959999
0.053889,61.220001
0.06287,40.189999
0.071852,19.18
0.080833,6.36
0.089814,0
