capacity,cost
34.057655,61408.75
37.461624,52844.550781
40.865593,44920.660156
44.269562,37113.621094
47.682514,29429.640625
51.086483,21896.179688
54.490452,14545.459961
57.894421,8767.200195
61.298389,4824.47998
64.711342,1516.98999
68.115311,0
