capacity,cost
0,4763.574219
19.200001,2858.144531
28.799999,1905.429688
38.400002,952.714844
48,0
