capacity,cost
0,4754.714355
19.200001,2852.828857
28.799999,1901.885864
38.400002,950.942932
48,0
