capacity,cost
0,4454.141113
19.200001,2672.484863
28.799999,1781.656494
38.400002,890.828247
48,0
