capacity,cost
0,4070.337402
19.200001,2442.202393
28.799999,1628.13501
38.400002,814.067505
48,0
