capacity,cost
0,4479.180664
19.200001,2687.508545
28.799999,1791.672363
38.400002,895.836182
48,0
