capacity,cost
16.459999,6219.700195
18.110001,5390.700195
19.75,4593.5
21.4,3838.800049
23.049999,3119.399902
24.690001,2429.300049
26.34,1766.599976
27.99,1182.900024
29.629999,685
31.280001,223.300003
32.919998,0
