capacity,cost
0.25,92.699997
0.27,80.099998
0.29,68.5
0.32,55.290001
0.34,46.5
0.37,34.43
0.39,26.4
0.42,16.73
0.44,10.3
0.47,3.3
0.49,0
