capacity,cost
1.45,549.299988
1.6,474.910675
1.74,405.5
1.89,339
2.04,274.593445
2.18,214.5
2.33,156.100006
2.47,104.300003
2.62,60.5
2.76,19.799999
2.91,0
