capacity,cost
43.310001,16361.5
47.630001,14180.700195
51.970001,12083
56.299999,10097.700195
60.630001,8206
64.959999,6390.600098
69.290001,4647
73.620003,3111.300049
77.949997,1802.199951
82.279999,587.400024
86.610001,0
