capacity,cost
17.34,6552.600098
19.08,5679.299805
20.809999,4838.899902
22.549999,4043.899902
24.280001,3286.5
26.01,2559.5
27.75,1861.099976
29.48,1246.099976
31.219999,721.900024
32.950001,235.199997
34.689999,0
