capacity,cost
0.68,255.899994
0.75,219.974609
0.81,189.199997
0.88,158
0.95,128.167923
1.02,98.344429
1.08,72.800003
1.15,48.700001
1.22,28.200001
1.29,9.1
1.36,0
