capacity,cost
4.36,38388.679688
5.23,5047.169922
5.66,1959.069946
6.09,629.630005
6.31,260.040009
6.52,0
