capacity,cost
4.4,38388.679688
5.27,5047.169922
5.7,1959.069946
6.13,629.630005
6.35,260.040009
6.56,0
