capacity,cost
4.34,38388.679688
5.2,5047.169922
5.63,1959.069946
5.85,1165.339966
6.06,629.630005
6.17,428.220001
6.28,260.040009
6.39,118.93
6.5,0
