capacity,cost
4.35,38388.679688
5.21,5047.169922
5.65,1959.069946
5.86,1165.339966
6.08,629.630005
6.19,428.220001
6.29,260.040009
6.4,118.93
6.51,0
