capacity,cost
4.34,38388.679688
5.21,5047.169922
5.64,1959.069946
5.85,1165.339966
6.07,629.630005
6.18,428.220001
6.29,260.040009
6.4,118.93
6.5,0
