capacity,cost
4.39,38388.679688
5.26,5047.169922
5.69,1959.069946
6.12,629.630005
6.34,260.040009
6.55,0
