capacity,cost
29.77,8607.25
32.75,7405.890137
35.720001,6217.049805
38.700001,5044.029785
41.68,3896.52002
44.650002,2796.419922
47.630001,1795.540039
50.610001,1043.050049
53.580002,549.75
56.560001,170.990005
59.540001,0
