capacity,cost
2.33,674.169983
2.56,579.950012
2.8,485.512756
3.03,395.029999
3.26,305.149994
3.5,219.050003
3.73,140.639999
3.96,81.75
4.2,43.02
4.43,13.38
4.66,0
