capacity,cost
0.79,226.940002
0.86,195.289993
0.94,164
1.02,132.910004
1.1,102.709999
1.18,73.769997
1.26,47.41
1.33,27.5
1.41,14.52
1.49,4.54
1.57,0
