capacity,cost
1.27,366.529999
1.39,315.380005
1.52,264.246796
1.65,213.122467
1.77,165.949997
1.9,119.080002
2.03,76.459999
2.16,44.419998
2.28,23.41
2.41,7.29
2.54,0
