capacity,cost
45.98,13295.629883
50.580002,11439.900391
55.18,9603.44043
59.779999,7791.540039
64.379997,6018.859863
68.970001,4319.75
73.57,2773.459961
78.169998,1611.219971
82.769997,849.210022
87.370003,264.170013
91.970001,0
