capacity,cost
43.16,12479.209961
47.48,10737.530273
51.790001,9013.860352
56.110001,7313.25
60.419998,5649.279785
64.739998,4054.379883
69.059998,2603.27002
73.370003,1512.300049
77.690002,797
82,247.949997
86.32,0
