capacity,cost
2.78,803.789978
3.06,691.521484
3.34,579.27301
3.61,471.040009
3.89,363.890015
4.17,261.130005
4.45,167.699997
4.73,97.419998
5,51.360001
5.28,15.97
5.56,0
