capacity,cost
39.07,11295.669922
42.970001,9719.080078
46.880001,8158.919922
50.790001,6619.569824
54.689999,5113.549805
58.599998,3669.879883
62.509998,2356.370117
66.410004,1368.859985
70.32,721.48999
74.230003,224.440002
78.129997,0
