capacity,cost
18.73,5416.149902
20.610001,4660.279785
22.48,3911.98999
24.35,3173.97998
26.219999,2451.889893
28.1,1759.699951
29.969999,1129.900024
31.84,656.309998
33.720001,345.920013
35.59,107.599998
37.459999,0
