capacity,cost
5.24,71817.953125
6.79,9442.299805
7.57,3665.040039
8.34,1177.920044
8.73,486.480011
9.12,0
