capacity,cost
5.24,71817.953125
6.79,9442.299805
7.57,3665.040039
7.96,2180.129883
8.34,1177.920044
8.54,801.119995
8.73,486.480011
8.93,222.490005
9.12,0
