capacity,cost
0,4491.803711
19.84,2695.082275
29.76,1796.721558
39.68,898.360779
49.599998,0
