capacity,cost
0,5776.23877
19.84,3465.743164
29.76,2310.495361
39.68,1155.247681
49.599998,0
