capacity,cost
0,5765.495605
19.84,3459.297363
29.76,2306.198242
39.68,1153.099121
49.599998,0
