capacity,cost
0,4808.196777
19.84,2884.917969
29.76,1923.278687
39.68,961.639343
49.599998,0
