capacity,cost
0,5401.024902
19.84,3240.61499
29.76,2160.410156
39.68,1080.205078
49.599998,0
