capacity,cost
0,5824.335449
19.84,3494.601318
29.76,2329.734131
39.68,1164.867065
49.599998,0
