capacity,cost
0,4493.711426
19.84,2696.226807
29.76,1797.484497
39.68,898.742249
49.599998,0
