capacity,cost
0,4935.630371
19.84,2961.378174
29.76,1974.252075
39.68,987.126038
49.599998,0
