capacity,cost
0,4515.966797
19.84,2709.580078
29.76,1806.386597
39.68,903.193298
49.599998,0
