capacity,cost
0,5431.387695
19.84,3258.83252
29.76,2172.554932
39.68,1086.277466
49.599998,0
