capacity,cost
0,5536.444824
19.84,3321.866943
29.76,2214.577881
39.68,1107.28894
49.599998,0
