capacity,cost
0,5416.126953
19.84,3249.676025
29.76,2166.450684
39.68,1083.225342
49.599998,0
