capacity,cost
2.21,625.820007
2.43,533.559998
2.65,441.709991
2.88,349.14801
3.1,260.630005
3.32,173.889999
3.54,96.300003
3.76,43.59
3.98,18.889999
4.2,5.83
4.42,0
