capacity,cost
2.01,568.340027
2.21,484.600006
2.41,401.029999
2.61,318.339996
2.81,236.660004
3.01,157.929993
3.21,87.5
3.42,39.540001
3.62,17.17
3.82,5.29
4.02,0
