capacity,cost
0.13,37.560001
0.15,29.286131
0.16,25.153067
0.17,21.040001
0.19,13.39214
0.2,9.58321
0.21,5.78
0.23,2.61
0.24,1.13
0.25,0.35
0.27,0
