capacity,cost
1.85,522.809998
2.03,445.670013
2.22,367.118103
2.4,292.720001
2.59,216.930817
2.77,145.149994
2.96,80.459999
3.14,36.389999
3.33,15.79
3.51,4.87
3.7,0
