capacity,cost
13.32,8882.30957
13.73,1167.810059
13.93,453.290009
14.14,145.679993
14.24,60.169998
14.34,0
