capacity,cost
13.32,8882.30957
13.73,1167.810059
13.93,453.290009
14.03,269.630005
14.14,145.679993
14.19,99.080002
14.24,60.169998
14.29,27.52
14.34,0
