capacity,cost
11.56,11326.110352
12.71,9287.759766
13.87,7419.040039
15.03,5745.490234
16.18,4356.799805
17.34,3285.810059
18.49,2380.030029
19.65,1548.280029
20.809999,836.400024
21.959999,258.809998
23.120001,0
