capacity,cost
54.07,52985.839844
59.48,43450.058594
64.889999,34706.730469
70.290001,26877.259766
75.699997,20380.070312
81.110001,15372.049805
86.519997,11134.320312
91.919998,7243.089844
97.330002,3912.350098
102.739998,1210.439941
108.139999,0
