capacity,cost
7.32,7173.430176
8.05,5882.009766
8.78,4698.939941
9.52,3638.620117
10.25,2758.830078
10.98,2081.159912
11.71,1507.300049
12.44,980.72998
13.18,529.669983
13.91,163.779999
14.64,0
