capacity,cost
8.61,8432.480469
9.47,6915.359863
10.33,5523.580078
11.19,4277.899902
12.05,3243.629883
12.91,2446.370117
13.77,1772.25
14.63,1152.77002
15.49,622.52002
16.35,192.699997
17.209999,0
