capacity,cost
8.45,8275.519531
9.29,6786.759766
10.13,5420.970215
10.98,4197.72998
11.82,3183.48999
12.67,2401.090088
13.51,1739.079956
14.36,1131.140015
15.2,611.219971
16.049999,189.089996
16.889999,0
