capacity,cost
66.510002,65173.949219
73.160004,53443.890625
79.809998,42689.929688
86.459999,33059.75
93.110001,25068.339844
99.760002,18908.009766
106.419998,13695.69043
113.07,8909.120117
119.720001,4812.390137
126.370003,1488.819946
133.020004,0
