capacity,cost
65.739998,64423.789062
72.32,52829.410156
78.889999,42198.820312
85.470001,32679.109375
92.040001,24779.460938
98.620003,18690.339844
105.190002,13537.820312
111.769997,8806.629883
118.339996,4756.899902
124.910004,1471.719971
131.490005,0
