capacity,cost
24.969999,24473.300781
27.469999,20068.699219
29.969999,16030.610352
32.470001,12414.209961
34.959999,9413.490234
37.459999,7100.319824
39.959999,5143.109863
42.459999,3345.379883
44.959999,1807.030029
47.450001,559.049988
49.950001,0
