capacity,cost
4.48,4386.649902
4.92,3597.23999
5.37,2873.48999
5.82,2225.370117
6.27,1687.550049
6.72,1272.939941
7.16,921.72998
7.61,599.570007
8.06,323.890015
8.51,100.199997
8.95,0
