capacity,cost
4.61,4513.640137
5.07,3700.939941
5.53,2956.76001
5.99,2289.469971
6.45,1735.810059
6.91,1309.550049
7.37,948.419983
7.83,616.789978
8.29,333.299988
8.75,103.010002
9.21,0
