capacity,cost
0,147.009445
69.700592,99.322502
104.55088,77.554527
139.401184,56.553936
174.251465,36.278984
209.101761,17.058416
243.952057,0
