capacity,cost
0,188.936707
71.940552,131.319077
107.910828,102.780838
143.881104,74.347206
179.851379,46.06189
215.821655,21.631618
251.791931,0
