capacity,cost
0,190.208878
71.940552,135.058716
107.910828,107.637863
143.881104,80.367561
179.851379,53.263966
215.821655,26.470495
251.791931,0
