capacity,cost
0,157.85083
64.978615,107.626015
97.467918,84.601227
129.95723,62.260651
162.446533,40.5653
194.935837,19.657257
227.425156,0
