capacity,cost
0,177.079712
71.940552,121.54882
107.910828,95.261703
143.881104,69.746719
179.851379,45.049511
215.821655,21.472307
251.791931,0
