capacity,cost
0,190.41272
71.940552,131.286163
107.910828,102.544212
143.881104,74.156067
179.851379,46.362591
215.821655,21.687696
251.791931,0
