capacity,cost
0,147.514542
69.700592,101.510612
104.55088,79.827446
139.401184,58.704872
174.251465,38.160992
209.101761,18.402782
243.952057,0
