capacity,cost
0,160.464249
71.940552,97.784981
107.910828,73.861214
143.881104,52.437355
179.851379,33.181004
215.821655,15.444251
251.791931,0
