capacity,cost
0,147.944839
71.940552,100.324692
107.910828,78.309044
143.881104,57.092846
179.851379,36.755573
215.821655,17.500927
251.791931,0
