capacity,cost
0,182.642181
71.940552,128.311035
107.910828,102.365456
143.881104,76.545189
179.851379,50.8615
215.821655,25.32959
251.791931,0
