capacity,cost
0,178.758316
69.700592,127.033783
104.55088,101.416245
139.401184,75.878517
174.251465,50.419029
209.101761,25.083887
243.952057,0
