capacity,cost
116,10005.6875
875.528381,6323.433105
2728.780029,3690.080078
4554,2379.190918
