capacity,cost
116,12239.592773
849.677673,7588.747559
2507.352295,4439.81543
4002,2819.335205
