capacity,cost
116,11898.349609
625.893982,8167.794434
1354.973755,5887.579102
3370,2791.472412
