capacity,cost
116,10302.712891
750.428528,6678.844727
2075.135986,4251.966309
4044,2282.362061
