capacity,cost
116,11513.774414
648.688904,7878.885254
1538.243774,5507.026367
3830,2532.516602
