capacity,cost
116,10009.958008
878.172607,6313.265625
2779.365723,3637.598633
4554,2388.747803
