capacity,cost
116,10059.494141
878.174988,6344.534668
2779.290283,3655.686768
4554,2400.591064
