capacity,cost
116,11087.561523
609.441956,7647.296875
1310.279907,5505.865723
3254,2631.175049
