capacity,cost
116,11456.579102
630.402527,7853.990234
1367.791504,5661.160645
3402,2678.352783
