capacity,cost
2.1,594.320007
2.31,506.73999
2.52,419.359985
2.73,332.880005
2.94,247.669998
3.15,165.139999
3.36,91.489998
3.57,41.330002
3.78,17.940001
3.99,5.54
4.2,0
