capacity,cost
1.16,327.399994
1.27,279.230011
1.39,230.275162
1.51,181.323334
1.62,136.470001
1.74,91
1.85,50.32
1.97,22.809999
2.08,9.89
2.2,3.04
2.31,0
