capacity,cost
5.7,3447.790039
6.27,2425.929932
6.84,1537.349976
7.41,908.109985
7.99,587.440002
8.56,392.410004
9.13,213.850006
9.7,90.360001
10.27,35.099998
10.84,10.8
11.41,0
