capacity,cost
11.77,7115.069824
12.95,5006.839844
14.12,3172.139893
15.3,1873.930054
16.48,1212.319946
17.66,809.73999
18.83,441.25
20.01,186.509995
21.190001,72.419998
22.360001,22.290001
23.540001,0
