capacity,cost
14.06,8496.209961
15.46,5978.580078
16.870001,3788.159912
18.27,2237.850098
19.68,1447.73999
21.08,966.849976
22.49,526.919983
23.889999,222.710007
25.299999,86.480003
26.709999,26.639999
28.110001,0
