capacity,cost
0.76,459.070007
0.84,322.769989
0.91,204.699997
0.99,120.790001
1.06,78.18
1.14,51.636665
1.21,28.43
1.29,12.05
1.37,4.67
1.44,1.44
1.52,0
