capacity,cost
9.82,5936.680176
10.8,4177.879883
11.79,2647.159912
12.77,1563.780029
13.75,1011.630005
14.73,675.669983
15.71,368.209991
16.700001,155.639999
17.68,60.43
18.66,18.6
19.639999,0
