capacity,cost
0.28,171.639999
0.31,120.610001
0.34,76.68
0.37,45.27
0.4,29.24
0.43,18.094
0.45,10.68
0.48,4.51
0.51,1.75
0.54,0.53
0.57,0
