capacity,cost
2.55,1541.829956
2.81,1085.300049
3.06,687.630005
3.32,406.149994
3.57,262.690002
3.83,175.520004
4.08,95.650002
4.34,40.419998
4.59,15.69
4.85,4.82
5.1,0
