capacity,cost
7.59,4591.109863
8.35,3230.5
9.11,2046.72998
9.87,1209.219971
10.63,782.25
11.39,522.409973
12.15,284.76001
12.91,120.360001
13.67,46.709999
14.43,14.4
15.19,0
