capacity,cost
0,2005.275635
249.308731,0
