capacity,cost
0,2592.469482
257.619019,0
