capacity,cost
0,2553.519775
257.619019,0
