capacity,cost
0,2129.529297
232.688141,0
