capacity,cost
0,2392.109619
257.619019,0
