capacity,cost
0,2614.052979
257.619019,0
