capacity,cost
0,2011.474243
249.308731,0
