capacity,cost
0,2197.57251
257.619019,0
