capacity,cost
0,2021.442261
257.619019,0
