capacity,cost
0,2418.304688
249.308731,0
