capacity,cost
0,2478.229248
257.619019,0
