capacity,cost
0,2430.839844
249.308731,0
