capacity,cost
25.190001,12679.519531
27.709999,10045.169922
30.219999,7740.470215
32.740002,5821.049805
35.259998,4295.75
37.779999,3008.949951
40.299999,1852.430054
42.82,1038.359985
45.34,553.440002
47.860001,170.770004
50.369999,0
