capacity,cost
34.73,17483.710938
38.200001,13851.860352
41.68,10673.790039
45.150002,8026.580078
48.619999,5923.72998
52.099998,4149.02002
55.57,2554.219971
59.040001,1431.910034
62.52,763.119995
65.989998,235.440002
69.459999,0
