capacity,cost
1.48,745.640015
1.63,591.090027
1.78,455.339996
1.93,342.290009
2.07,252.800003
2.22,177
2.37,108.879997
2.52,61.119999
2.67,32.560001
2.82,10.02
2.96,0
