capacity,cost
2.68,1350.75
2.95,1070.150024
3.22,824.609985
3.49,620.119995
3.76,457.640015
4.02,320.549988
4.29,197.330002
4.56,110.620003
4.83,58.959999
5.1,18.190001
5.37,0
