capacity,cost
2.25,1134.140015
2.48,898.599976
2.7,692.47998
2.93,520.820007
3.15,384.440002
3.38,269.079987
3.6,165.649994
3.83,92.860001
4.06,49.490002
4.28,15.27
4.51,0
