capacity,cost
41.470001,20876.589844
45.619999,16539.820312
49.759998,12744.889648
53.91,9584.379883
58.060001,7073.040039
62.209999,4954.200195
66.349998,3049.860107
70.5,1709.709961
74.650002,911.22998
78.790001,281.130005
82.940002,0
