capacity,cost
40.450001,20363.75
44.5,16133.629883
48.540001,12431.530273
52.59,9348.730469
56.630001,6899.47998
60.68,4832.470215
64.720001,2974.959961
68.769997,1667.77002
72.809998,888.830017
76.860001,274.220001
80.900002,0
