capacity,cost
37.119999,18686
40.830002,14804.339844
44.540001,11407.169922
48.25,8578.330078
51.970001,6330.839844
55.68,4434.359863
59.389999,2729.879883
63.099998,1530.369995
66.809998,815.690002
70.529999,251.630005
74.239998,0
