capacity,cost
2.46,1236.819946
2.7,979.599976
2.95,755.02002
3.19,567.570007
3.44,418.970001
3.68,293.579987
3.93,180.630005
4.18,101.32
4.42,53.959999
4.67,16.67
4.91,0
