capacity,cost
10.46,5266.439941
11.51,4172.549805
12.55,3215.340088
13.6,2417.72998
14.65,1784.359985
15.69,1249.910034
16.74,769.320007
17.790001,431.290009
18.83,229.889999
19.879999,70.949997
20.92,0
