capacity,cost
21.790001,10969.790039
23.969999,8690.759766
26.15,6696.47998
28.33,5036
30.51,3716.439941
32.689999,2603.23999
34.869999,1602.47998
37.040001,898.390015
39.220001,478.779999
41.400002,147.740005
43.580002,0
