capacity,cost
9.6,10212
10.56,7847
11.53,5626.200195
12.49,3688
13.45,2388.699951
14.41,1610.400024
15.37,1027
16.33,618.700012
17.290001,314.899994
18.25,96.099998
19.209999,0
