capacity,cost
3.85,4089.199951
4.23,3143.199951
4.62,2253.5
5,1476.199951
5.39,957
5.77,644.900024
6.16,411.200012
6.54,247.800003
6.92,126.099998
7.31,38.400002
7.69,0
