capacity,cost
0.15,160.100006
0.17,109.138298
0.18,83.659149
0.19,58.200001
0.21,36.59
0.22,25.799999
0.24,16
0.26,8.59
0.27,4.9
0.29,1.5
0.3,0
