capacity,cost
2.13,2261.399902
2.34,1736.699951
2.55,1246.699951
2.77,816.700012
2.98,528.700012
3.19,356.899994
3.4,227.600006
3.62,136.899994
3.83,69.599998
4.04,21.299999
4.25,0
