capacity,cost
1.9,2017.099976
2.09,1549
2.28,1112.199951
2.47,728.599976
2.66,471.700012
2.85,317.700012
3.04,203
3.22,122.099998
3.41,62.099998
3.6,19
3.79,0
