capacity,cost
0,29.243999
146.220001,0
