capacity,cost
0,518.383667
42.017944,311.030212
63.02692,207.35347
84.035889,103.676735
105.044868,0
