capacity,cost
0,666.615906
42.017944,399.969543
63.02692,266.646362
84.035889,133.323181
105.044868,0
