capacity,cost
0,665.376099
42.017944,399.225677
63.02692,266.150452
84.035889,133.075226
105.044868,0
