capacity,cost
0,554.897522
42.017944,332.938507
63.02692,221.959
84.035889,110.9795
105.044868,0
