capacity,cost
0,623.313782
42.017944,373.988281
63.02692,249.325516
84.035889,124.662758
105.044868,0
