capacity,cost
0,672.166565
42.017944,403.299957
63.02692,268.866638
84.035889,134.433319
105.044868,0
