capacity,cost
0,518.603821
42.017944,311.162292
63.02692,207.441528
84.035889,103.720764
105.044868,0
