capacity,cost
0,569.604187
42.017944,341.762512
63.02692,227.841675
84.035889,113.920837
105.044868,0
