capacity,cost
0,521.172241
42.017944,312.703339
63.02692,208.468887
84.035889,104.234444
105.044868,0
