capacity,cost
0,626.81781
42.017944,376.090698
63.02692,250.727127
84.035889,125.363564
105.044868,0
