capacity,cost
0,638.942139
42.017944,383.365295
63.02692,255.576859
84.035889,127.788429
105.044868,0
