capacity,cost
0,625.056641
42.017944,375.033997
63.02692,250.022659
84.035889,125.01133
105.044868,0
