capacity,cost
35.049999,9138.740234
38.549999,7734.22998
42.060001,6344.359863
45.560001,4973.870117
49.07,3636.01001
52.57,2367.379883
56.080002,1228.670044
59.580002,488.25
63.09,199.119995
66.589996,61
70.099998,0
