capacity,cost
0.33,85.940002
0.36,72.709999
0.4,57.182938
0.43,45.555138
0.46,33.936798
0.49,22.32
0.53,11.57
0.56,4.58
0.59,1.86
0.63,0.59
0.66,0
