capacity,cost
1.43,373.100006
1.57,315.790009
1.72,257.381714
1.86,202.87587
2,148.389999
2.15,96.650002
2.29,50.189999
2.43,19.940001
2.58,8.13
2.72,2.48
2.86,0
