capacity,cost
4.35,51841.378906
5.63,6815.870117
6.27,2645.590088
6.59,1573.719971
6.91,850.27002
7.07,578.280029
7.23,351.160004
7.39,160.600006
7.55,0
