capacity,cost
29.879999,8638.530273
32.860001,7432.799805
35.849998,6239.649902
38.84,5062.379883
41.830002,3910.679932
44.82,2806.570068
47.799999,1802.069946
50.790001,1046.849976
53.779999,551.76001
56.77,171.630005
59.75,0
