capacity,cost
39.82,11513.339844
43.799999,9906.570312
47.779999,8316.099609
51.77,6747.27002
55.75,5212.049805
59.73,3740.719971
63.709999,2401.709961
67.690002,1395.290039
71.68,735.349976
75.660004,228.779999
79.639999,0
