capacity,cost
2.34,676.650024
2.57,582.049988
2.81,487.265533
3.04,396.450012
3.28,306.251068
3.51,219.830002
3.74,141.179993
3.98,82.050003
4.21,43.200001
4.45,13.44
4.68,0
