capacity,cost
0.79,227.740005
0.87,194.913254
0.95,162.106522
1.02,133.410004
1.1,103.089996
1.18,74.029999
1.26,47.59
1.34,27.58
1.42,14.55
1.5,4.55
1.58,0
