capacity,cost
1.27,367.869995
1.4,315.765198
1.53,263.664093
1.65,215.589996
1.78,166.539993
1.91,119.519997
2.04,76.739998
2.16,44.580002
2.29,23.5
2.42,7.31
2.54,0
