capacity,cost
46.150002,13343.969727
50.77,11481.5
55.380001,9638.349609
60,7819.859863
64.610001,6040.75
69.230003,4335.450195
73.839996,2783.550049
78.459999,1617.099976
83.07,852.309998
87.690002,265.140015
92.300003,0
