capacity,cost
43.32,12524.610352
47.650002,10776.540039
51.98,9046.629883
56.310001,7339.850098
60.639999,5669.839844
64.980003,4069.120117
69.309998,2612.719971
73.639999,1517.800049
77.970001,799.909973
82.300003,248.869995
86.629997,0
