capacity,cost
2.79,806.710022
3.07,694.119995
3.35,582.690002
3.63,472.76001
3.91,365.200012
4.19,262.100006
4.46,168.279999
4.74,97.760002
5.02,51.52
5.3,16.030001
5.58,0
