capacity,cost
39.209999,11336.75
43.130001,9754.44043
47.049999,8188.569824
50.970001,6643.620117
54.889999,5132.160156
58.810001,3683.219971
62.73,2364.929932
66.650002,1373.829956
70.580002,724.099976
74.5,225.25
78.419998,0
