capacity,cost
11.31,3269.52002
12.44,2813.310059
13.57,2361.570068
14.7,1916.130005
15.83,1480.089966
16.959999,1062.319946
18.09,682.01001
19.219999,396.25
20.35,208.809998
21.48,64.980003
22.620001,0
