capacity,cost
18.799999,5435.859863
20.68,4677.25
22.559999,3926.219971
24.440001,3185.52002
26.32,2460.790039
28.200001,1766.109985
30.08,1134
31.959999,658.710022
33.84,347.170013
35.720001,108.010002
37.599998,0
