capacity,cost
1.77,419503.8125
5.32,49389.539062
8.87,15504.25
12.42,5553.109863
14.19,3035.219971
15.97,1277.540039
16.85,590.780029
17.74,0
