capacity,cost
3.61,854295.875
10.84,100579.03125
18.059999,31573.519531
25.290001,11308.589844
28.9,6181.060059
32.52,2601.639893
34.32,1203.089966
36.130001,0
