capacity,cost
2.54,600229.625
7.62,70666.976562
12.69,22183.609375
17.77,7945.439941
20.309999,4342.819824
22.85,1827.920044
24.110001,845.289978
25.379999,0
