capacity,cost
2.99,706487.625
8.96,83177.078125
14.94,26110.75
20.91,9352.009766
23.9,5111.629883
26.889999,2151.51001
28.379999,994.929993
29.879999,0
