capacity,cost
0,0
18.389999,0
29.719999,586.893982
