capacity,cost
32.310001,10651.759766
35.540001,8902.259766
38.77,7340.02002
42,5881.569824
45.23,4515.180176
48.459999,3248.879883
51.689999,2188.98999
54.919998,1373.01001
58.150002,739.030029
61.389999,231.970001
64.620003,0
