capacity,cost
71.080002,23436
78.190002,19586.349609
85.300003,16149.330078
92.410004,12940.129883
99.519997,9934.009766
106.620003,7148.430176
113.730003,4816.240234
120.839996,3021.02002
127.949997,1625.98999
135.059998,510.429993
142.169998,0
