capacity,cost
0.14,44.900002
0.15,37.450001
0.16,30.809999
0.18,22.291275
0.19,18.046913
0.2,13.81
0.22,8.486667
0.23,5.84
0.25,2.596667
0.26,0.99
0.27,0
