capacity,cost
0.17,55.59
0.19,44.18
0.2,38.490002
0.22,29.865139
0.24,21.260279
0.25,16.959999
0.27,11.49
0.29,7.28
0.31,3.216667
0.32,1.2
0.34,0
