capacity,cost
0.12,40.419998
0.14,31.104904
0.15,26.448042
0.16,21.811178
0.17,17.18
0.18,12.57
0.2,7.62
0.21,5.16
0.22,2.84
0.23,0.84
0.25,0
