capacity,cost
91.639999,30212.230469
100.800003,25249.550781
109.959999,20818.960938
119.129997,16681.449219
128.289993,12806.709961
137.449997,9215.360352
146.619995,6208.569824
155.779999,3894.620117
164.940002,2096.070068
174.110001,658
183.270004,0
