capacity,cost
81.589996,26899.289062
89.75,22480.640625
97.900002,18535.679688
106.059998,14852.139648
114.220001,11402.169922
122.379997,8204.870117
130.539993,5527.649902
138.699997,3467.360107
146.860001,1866.150024
155.009995,585.880005
163.169998,0
