capacity,cost
6.42,2116.899902
7.06,1768.910034
7.7,1458.73999
8.35,1168.640015
8.99,897.359985
9.63,645.559998
10.27,435.070007
10.91,272.809998
11.56,146.899994
12.2,46.060001
12.84,0
