capacity,cost
67.870003,22375.519531
74.650002,18699.609375
81.440002,15418.620117
88.230003,12354.25
95.010002,9484.589844
101.800003,6824.72998
108.589996,4598.109863
115.370003,2884.389893
122.160004,1552.319946
128.940002,487.390015
135.729996,0
