capacity,cost
0.73,241.509995
0.81,201.531998
0.88,166.570007
0.95,133.350006
1.03,101.580002
1.1,73.800003
1.17,49.66
1.25,31.08
1.32,16.83
1.39,5.29
1.47,0
