capacity,cost
13.67,4506.850098
15.04,3766.790039
16.4,3105.649902
17.77,2488.709961
19.139999,1910.459961
20.51,1374.569946
21.870001,926.219971
23.24,580.900024
24.610001,312.709991
25.969999,98.120003
27.34,0
