capacity,cost
26.950001,8886
29.65,7426.580078
32.34,6123.290039
35.040001,4906.220215
37.73,3766.73999
40.43,2710.320068
43.119999,1826.180054
45.82,1145.449951
48.509998,616.590027
51.209999,193.580002
53.900002,0
