capacity,cost
8.47,62366.5
10.69,8199.660156
11.81,3182.709961
12.92,1022.900024
13.48,422.459991
14.03,0
