capacity,cost
19.26,9636.509766
21.190001,7526.390137
23.110001,5942.790039
25.040001,4694.120117
26.959999,3521.189941
28.889999,2437.580078
30.82,1448.27002
32.740002,759.049988
34.669998,396.420013
36.59,121.199997
38.52,0
