capacity,cost
1.07,533.219971
1.17,416.320007
1.28,328.940002
1.39,258.681915
1.49,194.830002
1.6,134.779999
1.71,80.209999
1.81,42
1.92,21.93
2.03,6.71
2.13,0
