capacity,cost
34.580002,17302.960938
38.040001,13513.799805
41.5,10670.530273
44.959999,8428.240234
48.419998,6322.680176
51.869999,4376.859863
55.330002,2600.540039
58.790001,1362.910034
62.25,711.820007
65.709999,217.649994
69.169998,0
