capacity,cost
33.099998,16559.679688
36.41,12933.639648
39.720001,10212.030273
43.029999,8066.279785
46.34,6051.089844
49.650002,4189.069824
52.959999,2488.73999
56.27,1304.420044
59.580002,681.289978
62.889999,208.289993
66.199997,0
