capacity,cost
9.09,4546.180176
9.99,3550.5
10.9,2803.639893
11.81,2214.409912
12.72,1661.069946
13.63,1149.98999
14.54,683.190002
15.45,358.119995
16.360001,186.990005
17.26,57.189999
18.17,0
