capacity,cost
29.059999,14541.660156
31.969999,11357.339844
34.880001,8967.580078
37.779999,7083.209961
40.689999,5313.759766
43.599998,3678.540039
46.5,2185.52002
49.41,1145.47998
52.32,598.210022
55.220001,182.940002
58.130001,0
