capacity,cost
2.23,1116.930054
2.46,872.070007
2.68,688.630005
2.9,543.97998
3.12,408.140015
3.35,282.429993
3.57,167.800003
3.79,87.970001
4.02,45.970001
4.24,14.04
4.46,0
