capacity,cost
0,32.046001
1602.300049,0
