capacity,cost
0,5532.692871
249.759995,3319.615723
374.640015,2213.077148
499.519989,1106.538574
624.400024,0
