capacity,cost
0,4605.466797
249.759995,2763.280029
374.640015,1842.186768
499.519989,921.093384
624.400024,0
