capacity,cost
0,5578.761719
249.759995,3347.25708
374.640015,2231.504639
499.519989,1115.752319
624.400024,0
