capacity,cost
0,4304.241211
249.759995,2582.544678
374.640015,1721.696533
499.519989,860.848267
624.400024,0
