capacity,cost
0,4727.527344
249.759995,2836.516357
374.640015,1891.010864
499.519989,945.505432
624.400024,0
