capacity,cost
0,5202.381836
249.759995,3121.429199
374.640015,2080.952637
499.519989,1040.476318
624.400024,0
