capacity,cost
0,5303.009766
249.759995,3181.805664
374.640015,2121.203857
499.519989,1060.601929
624.400024,0
