capacity,cost
0,5187.764648
249.759995,3112.658691
374.640015,2075.105713
499.519989,1037.552856
624.400024,0
