elevation,area,capacity
0,0,0
0,2.48300004005432,301.299987792969