capacity,cost
0,638.997375
138.696564,383.398407
208.044861,255.598938
277.393127,127.799469
346.741425,0
