capacity,cost
0,651.357239
138.696564,390.814331
208.044861,260.542908
277.393127,130.271454
346.741425,0
