capacity,cost
0,38.760128
11.795485,26.187113
17.693226,20.447824
23.590969,14.910863
29.48871,9.565223
35.386452,4.497578
41.284195,0
