capacity,cost
0,49.81456
12.174555,34.623249
18.261833,27.098928
24.34911,19.602192
30.436388,12.144558
36.523666,5.703336
42.610943,0
