capacity,cost
0,50.149979
12.174555,35.60923
18.261833,28.379519
24.34911,21.189503
30.436388,14.043438
36.523666,6.979142
42.610943,0
