capacity,cost
0,41.618538
10.996381,28.376394
16.494572,22.30574
21.992762,16.415482
27.490952,10.695341
32.989143,5.182781
38.487331,0
