capacity,cost
0,46.688374
12.174555,32.047245
18.261833,25.116453
24.34911,18.389238
30.436388,11.877637
36.523666,5.661332
42.610943,0
