capacity,cost
0,50.203724
12.174555,34.614567
18.261833,27.036539
24.34911,19.551794
30.436388,12.22384
36.523666,5.718122
42.610943,0
