capacity,cost
0,38.893299
11.795485,26.764025
17.693226,21.047096
23.590969,15.477974
29.48871,10.061428
35.386452,4.85203
41.284195,0
