capacity,cost
0,42.307587
12.174555,25.781733
18.261833,19.474054
24.34911,13.825496
30.436388,8.748417
36.523666,4.071991
42.610943,0
