capacity,cost
0,39.006752
12.174555,26.451345
18.261833,20.646759
24.34911,15.052951
30.436388,9.690879
36.523666,4.614249
42.610943,0
