capacity,cost
0,47.240837
11.795485,33.210938
17.693226,26.515574
23.590969,19.843334
29.48871,13.19221
35.386452,6.569489
41.284195,0
