capacity,cost
0,48.154961
12.174555,33.830154
18.261833,26.98941
24.34911,20.181705
30.436388,13.41001
36.523666,6.678333
42.610943,0
