capacity,cost
0,47.130951
11.795485,33.493397
17.693226,26.739141
23.590969,20.005932
29.48871,13.293349
35.386452,6.613552
41.284195,0
