elevation,area,capacity
0,0.790000021457672,31.0799999237061
0,4.30000019073486,224.979995727539