capacity,cost
6.3,119474.039062
8.15,15707.900391
9.08,6097.049805
9.54,3626.800049
10,1959.540039
10.24,1332.719971
10.47,809.289978
10.7,370.130005
10.93,0
