capacity,cost
6.3,119474.039062
8.15,15707.900391
9.08,6097.049805
10,1959.540039
10.47,809.289978
10.93,0
