capacity,cost
1.13,199815.578125
3.38,23524.939453
5.63,7384.890137
7.88,2645.02002
9.01,1445.719971
10.14,608.51001
10.7,281.399994
11.26,0
