capacity,cost
2.83,502884.40625
8.5,59206.21875
14.17,18585.869141
19.84,6656.850098
22.68,3638.5
25.51,1531.459961
26.93,708.200012
28.34,0
