capacity,cost
3.08,545789.875
9.23,64257.609375
15.38,20171.589844
21.530001,7224.799805
24.610001,3948.939941
27.690001,1662.130005
29.219999,768.630005
30.76,0
