capacity,cost
2.67,474501.4375
8.02,55864.589844
13.37,17536.880859
18.719999,6281.129883
21.4,3433.149902
24.07,1445.030029
25.41,668.22998
26.74,0
