capacity,cost
1.97,348970.4375
5.9,41085.421875
9.83,12897.44043
13.77,4619.439941
15.74,2524.889893
17.700001,1062.73999
18.690001,491.450012
19.67,0
