capacity,cost
0.57,100601.28125
1.7,11844.120117
2.84,3718.080078
3.97,1331.689941
4.54,727.880005
4.82,499.429993
5.1,306.369995
5.24,220.839996
5.39,141.669998
5.53,68.239998
5.67,0
