capacity,cost
1.21,215214.53125
3.64,25337.910156
6.07,7954.009766
8.49,2848.870117
9.7,1557.130005
10.92,655.409973
11.52,303.079987
12.13,0
