capacity,cost
2.16,383966.71875
6.49,45205.648438
10.82,14190.849609
15.15,5082.689941
17.309999,2778.100098
19.48,1169.319946
20.559999,540.72998
21.639999,0
