capacity,cost
12.85,3501.350098
14.13,2908.429932
15.42,2341.459961
16.700001,1815.660034
17.99,1336.910034
19.27,932.609985
20.559999,624.039978
21.84,391.410004
23.129999,208.520004
24.41,63.459999
25.690001,0
