capacity,cost
36.25,9878.94043
39.869999,8206.089844
43.5,6606.310059
47.119999,5122.850098
50.75,3772.070068
54.369999,2631.379883
58,1760.660034
61.619999,1104.349976
65.25,588.349976
68.870003,179.100006
72.5,0
