capacity,cost
0.16,43.040001
0.17,35.810001
0.19,28.047361
0.21,20.304722
0.22,16.440001
0.24,10.583333
0.25,7.67
0.27,4.26
0.28,2.57
0.3,0.78
0.32,0
