capacity,cost
1.39,379.040009
1.53,314.73999
1.67,253.410004
1.81,196.529999
1.95,144.720001
2.09,100.989998
2.23,67.529999
2.36,42.360001
2.5,22.57
2.64,6.89
2.78,0
