capacity,cost
33.290001,9073.870117
36.619999,7537.290039
39.950001,6067.890137
43.279999,4705.399902
46.610001,3464.629883
49.939999,2416.909912
53.27,1617.160034
56.599998,1014.380005
59.93,540.419983
63.259998,164.509995
66.589996,0
