capacity,cost
3.87,1055.51001
4.26,876.789978
4.65,705.900024
5.03,547.429993
5.42,402.98999
5.81,281.149994
6.2,188.139999
6.58,118.019997
6.97,62.889999
7.36,19.129999
7.75,0
