capacity,cost
14.33,3906.280029
15.77,3244.899902
17.200001,2612.280029
18.629999,2025.660034
20.07,1491.589966
21.5,1040.48999
22.93,696.190002
24.370001,436.709991
25.799999,232.660004
27.23,70.809998
28.67,0
