capacity,cost
2.21,26707.990234
2.91,3511.439941
3.26,1362.969971
3.44,810.76001
3.62,438.049988
3.7,297.920013
3.79,180.910004
3.88,82.739998
3.97,0
