capacity,cost
2.21,26707.990234
2.91,3511.439941
3.26,1362.969971
3.62,438.049988
3.79,180.910004
3.97,0
