capacity,cost
0,2761.770996
40.496456,1657.062622
60.744682,1104.708374
80.992912,552.354187
101.241135,0
