capacity,cost
0,3551.501709
40.496456,2130.901123
60.744682,1420.600708
80.992912,710.300354
101.241135,0
