capacity,cost
0,3544.896484
40.496456,2126.937744
60.744682,1417.958618
80.992912,708.979309
101.241135,0
