capacity,cost
0,2956.304199
40.496456,1773.782593
60.744682,1182.521729
80.992912,591.260864
101.241135,0
