capacity,cost
0,3320.802734
40.496456,1992.481689
60.744682,1328.321167
80.992912,664.160583
101.241135,0
