capacity,cost
0,3581.07373
40.496456,2148.644287
60.744682,1432.429565
80.992912,716.214783
101.241135,0
