capacity,cost
0,2762.943848
40.496456,1657.766357
60.744682,1105.177612
80.992912,552.588806
101.241135,0
