capacity,cost
0,3034.65625
40.496456,1820.793823
60.744682,1213.862549
80.992912,606.931274
101.241135,0
