capacity,cost
0,2776.627441
40.496456,1665.97644
60.744682,1110.651001
80.992912,555.3255
101.241135,0
