capacity,cost
0,3339.471191
40.496456,2003.682617
60.744682,1335.788452
80.992912,667.894226
101.241135,0
