capacity,cost
0,3404.065186
40.496456,2042.439209
60.744682,1361.626099
80.992912,680.813049
101.241135,0
