capacity,cost
0,3330.088135
40.496456,1998.052856
60.744682,1332.035278
80.992912,666.017639
101.241135,0
