capacity,cost
1.18,525406.25
3.54,61857.78125
5.9,19418.240234
8.26,6954.970215
9.44,3801.449951
10.62,1600.050049
11.21,739.919983
11.8,0
