capacity,cost
14.9,6801.22998
16.389999,5752.540039
17.879999,4815.620117
19.370001,3941.919922
20.860001,3138.679932
22.35,2410.070068
23.84,1735.689941
25.33,1103.47998
26.82,583.179993
28.309999,182.809998
29.799999,0
