capacity,cost
32.490002,14830.120117
35.740002,12543.540039
38.990002,10500.209961
42.240002,8595.240234
45.490002,6843.799805
48.740002,5255.169922
51.990002,3784.51001
55.240002,2406.070068
58.490002,1271.569946
61.740002,398.609985
64.989998,0
