capacity,cost
2.19,999.609985
2.41,845.52002
2.63,707.869995
2.85,579.349976
3.07,461.350006
3.29,354.170013
3.5,255.089996
3.72,162.199997
3.94,85.68
4.16,26.860001
4.38,0
