capacity,cost
4.81,2194.77002
5.29,1856.319946
5.77,1554.050049
6.25,1272.079956
6.73,1012.840027
7.21,777.679993
7.69,560.109985
8.17,356.059998
8.66,188.149994
9.14,59
9.62,0
