capacity,cost
1.94,887.070007
2.14,750.390015
2.33,628.080017
2.53,514.200012
2.72,409.369995
2.92,314.390015
3.11,226.360001
3.3,143.960007
3.5,76.029999
3.69,23.860001
3.89,0
