capacity,cost
38.779999,17700.25
42.66,14971.150391
46.540001,12532.580078
50.419998,10258.75
54.290001,8168.359863
58.169998,6272.290039
62.049999,4517.02002
65.93,2871.699951
69.809998,1517.609985
73.68,475.730011
77.559998,0
