capacity,cost
35.919998,16394.890625
39.509998,13867.009766
43.110001,11608.25
46.700001,9502.240234
50.290001,7565.97998
53.880001,5809.709961
57.470001,4183.859863
61.07,2659.949951
64.660004,1405.72998
68.25,440.660004
71.839996,0
