capacity,cost
26.65,12161.80957
29.309999,10286.740234
31.98,8611.110352
34.639999,7048.810059
37.299999,5612.569824
39.970001,4309.72998
42.630001,3103.629883
45.299999,1973.140015
47.959999,1042.819946
50.630001,326.890015
53.290001,0
