capacity,cost
4.17,1901.189941
4.58,1607.930054
5,1346.069946
5.41,1101.920044
5.83,877.289978
6.25,673.679993
6.66,485.200012
7.08,308.420013
7.5,163
7.91,51.119999
8.33,0
