capacity,cost
9.87,4506.970215
10.86,3811.97998
11.85,3191.129883
12.84,2612.100098
13.82,2079.909912
14.81,1597.050049
15.8,1150.170044
16.790001,731.200012
17.77,386.450012
18.76,121.129997
19.75,0
