capacity,cost
13.72,6263.220215
15.09,5297.490234
16.469999,4434.560059
17.84,3630
19.209999,2890.290039
20.58,2219.459961
21.959999,1598.339966
23.33,1016.159973
24.700001,537
26.07,168.320007
27.440001,0
