capacity,cost
0.64,283876.125
1.91,33421.660156
3.19,10491.650391
4.46,3757.76001
5.1,2053.919922
5.74,864.51001
6.06,399.779999
6.38,0
