capacity,cost
1.26,558906.9375
3.77,65801.929688
6.28,20656.380859
8.79,7398.430176
10.05,4043.840088
11.3,1702.069946
11.93,787.099976
12.56,0
