capacity,cost
1.17,518841.09375
3.5,61084.851562
5.83,19175.609375
8.16,6868.069824
9.33,3753.949951
10.49,1580.060059
11.07,730.669983
11.66,0
