capacity,cost
0.96,428531.375
2.89,50452.390625
4.81,15837.889648
6.74,5672.609863
7.7,3100.540039
8.66,1305.030029
9.15,603.48999
9.63,0
