capacity,cost
0.72,322453.4375
2.17,37963.488281
3.62,11917.410156
5.07,4268.419922
5.8,2333.040039
6.52,981.98999
6.88,454.100006
7.24,0
