capacity,cost
0.96,426171.40625
2.87,50174.550781
4.79,15750.669922
6.7,5641.370117
7.66,3083.459961
8.62,1297.849976
9.1,600.169983
9.57,0
