capacity,cost
3.32,38860.691406
3.87,5109.22998
4.15,1983.150024
4.29,1179.670044
4.42,637.369995
4.49,433.48999
4.56,263.230011
4.63,120.389999
4.7,0
