capacity,cost
1.02,287.369995
1.12,244.949997
1.22,202.869995
1.32,160.929993
1.42,119.589996
1.52,79.849998
1.63,44.18
1.73,20.01
1.83,8.66
1.93,2.69
2.03,0
