capacity,cost
1.92,544.549988
2.12,461.926331
2.31,383.443146
2.5,304.980011
2.7,226.154617
2.89,151.289993
3.08,83.82
3.27,37.869999
3.46,16.440001
3.66,5.09
3.85,0
