capacity,cost
1.71,484.459991
1.88,413.019989
2.06,339.885864
2.23,270.834167
2.4,201.789993
2.57,134.610001
2.74,74.519997
2.91,33.709999
3.08,14.63
3.25,4.5
3.43,0
