capacity,cost
0.13,36.009998
0.14,30.68
0.15,25.4
0.17,17.430182
0.18,13.447659
0.19,9.485136
0.2,5.53
0.22,2.5
0.23,1.08
0.24,0.34
0.25,0
