capacity,cost
1.11,313.690002
1.22,267.549988
1.33,221.410004
1.44,175.660004
1.55,130.740005
1.66,87.190002
1.77,48.200001
1.89,21.870001
2,9.49
2.11,2.94
2.22,0
