capacity,cost
5.82,4956.890137
6.4,3961.189941
6.99,3115.830078
7.57,2488.139893
8.15,2019.98999
8.73,1609.73999
9.31,1221.400024
9.9,843
10.48,474.700012
11.06,147.020004
11.64,0
