capacity,cost
0.79,671.419983
0.87,535.929993
0.95,421.839996
1.02,337.029999
1.1,273.329987
1.18,217.949997
1.26,165.5
1.34,113.970001
1.42,64.269997
1.5,19.969999
1.58,0
