capacity,cost
0.93,789.289978
1.02,630.210022
1.11,496.100006
1.2,395.850006
1.3,321.480011
1.39,256.059998
1.48,194.369995
1.58,131.807373
1.67,75.519997
1.76,23.469999
1.85,0
