capacity,cost
0.91,774.599976
1,618.51001
1.09,486.859985
1.18,388.450012
1.27,315.51001
1.36,251.240005
1.45,190.75
1.55,129.339996
1.64,74.089996
1.73,23.01
1.82,0
