capacity,cost
2.69,2289.699951
2.96,1829.180054
3.23,1439.359985
3.5,1149.040039
3.76,932.97998
4.03,743.440002
4.3,564.219971
4.57,389.190002
4.84,219.330002
5.11,67.769997
5.38,0
