capacity,cost
4.33,3684.179932
4.76,2943.790039
5.19,2315.810059
5.62,1849.089966
6.06,1500.930054
6.49,1196.609985
6.92,907.849976
7.35,626.47998
7.79,352.869995
8.22,109.209999
8.65,0
