capacity,cost
0.5,422.25
0.55,337.769989
0.6,265.350006
0.64,212.100006
0.69,171.929993
0.74,137.149994
0.79,104.269997
0.84,71.790001
0.89,40.57
0.94,12.45
0.99,0
