capacity,cost
4.85,61780.039062
6.36,8122.560059
7.12,3152.780029
7.5,1875.420044
7.87,1013.280029
8.06,689.150024
8.25,418.480011
8.44,191.389999
8.63,0
