capacity,cost
9.06,4743.779785
9.96,3585.129883
10.87,2636.209961
11.77,1900.98999
12.68,1350.099976
13.58,930.809998
14.49,577.450012
15.39,317.470001
16.299999,161.410004
17.200001,50.259998
18.110001,0
