capacity,cost
12.07,6322.509766
13.28,4778.060059
14.48,3513.159912
15.69,2533.73999
16.9,1799.430054
18.1,1240.48999
19.309999,769.75
20.52,423.230011
21.719999,215.160004
22.93,66.980003
24.139999,0
