capacity,cost
0.71,371.470001
0.78,280.790009
0.85,206.520004
0.92,148.979996
0.99,105.860001
1.06,73.019997
1.13,45.220001
1.21,24.85
1.28,12.63
1.35,3.94
1.42,0
