capacity,cost
0.24,125.32
0.26,94.68
0.29,67.928001
0.31,50.110001
0.33,35.540001
0.36,23.368
0.38,15.27
0.41,8.38
0.43,4.29
0.45,1.35
0.48,0
