capacity,cost
0.39,201.729996
0.42,152.520004
0.46,112.25
0.5,81.050003
0.54,57.400002
0.58,39.580002
0.62,24.610001
0.66,13.58
0.69,6.84
0.73,2.15
0.77,0
