capacity,cost
13.99,7327.97998
15.39,5537.629883
16.780001,4071.899902
18.18,2936.51001
19.58,2085.560059
20.98,1437.640015
22.379999,892.130005
23.780001,490.459991
25.18,249.350006
26.58,77.610001
27.969999,0
