capacity,cost
13.13,6877.700195
14.44,5197.850098
15.75,3821.550049
17.07,2756.23999
18.379999,1957.540039
19.690001,1349.400024
21.01,837.380005
22.32,460.309998
23.629999,234.020004
24.940001,72.870003
26.26,0
