capacity,cost
0.85,443.339996
0.93,334.73999
1.01,246.350006
1.1,177.479996
1.18,126.169998
1.27,86.889999
1.35,53.950001
1.44,29.6
1.52,15.07
1.61,4.69
1.69,0
