capacity,cost
11.88,6225.680176
13.07,4704.899902
14.26,3459.360107
15.45,2494.909912
16.639999,1771.829956
17.83,1221.47998
19.01,757.919983
20.200001,416.690002
21.389999,211.809998
22.58,65.93
23.77,0
