capacity,cost
3.43,1795.390015
3.77,1357.180054
4.11,997.840027
4.46,719.539978
4.8,510.920013
5.14,352.359985
5.48,218.600006
5.83,120.129997
6.17,61.139999
6.51,19.02
6.85,0
