elevation,area,capacity
400,0.3,0
414.600006,0.77,10
425,1.2,20
450,2.8,65
473.5,4.56,160
509.799988,6,325
