capacity,cost
100,4045.780518
430.788391,2914.491943
964.719666,1940.134155
1720,1072.52124
