capacity,cost
100,5631.865723
439.571503,4147.279785
1065.343994,2750.858154
2032,1470.722168
