capacity,cost
100,5181.351562
405.195221,3789.125244
924.51886,2515.538086
1692,1350.486694
