capacity,cost
100,4307.90332
425.537292,3102.151367
950.038574,2060.667725
1692,1131.458984
