capacity,cost
100,4845.984863
405.206879,3546.367676
924.509277,2357.568359
1692,1270.027832
