capacity,cost
100,5678.76123
439.562195,4181.818848
1065.317139,2773.794189
2032,1482.957397
