capacity,cost
100,4381.458496
439.574219,3226.46582
1065.333984,2140.07373
2032,1144.121216
