capacity,cost
100,4451.75
384.858093,3306.724365
898.703552,2192.437012
1692,1148.650269
