capacity,cost
100,4368.704102
462.240753,3160.476807
1102.726074,2080.216309
2004,1153.179199
