capacity,cost
100,4890.540527
407.659851,3562.782959
942.860779,2335.844482
1692,1269.365723
