capacity,cost
100,4967.480957
407.647186,3624.616455
942.850647,2383.654541
1692,1304.965698
