capacity,cost
100,4937.728027
441.057007,3556.504883
993.318726,2373.589111
1775,1323.303955
