capacity,cost
0.92,787.169983
1.02,628.940002
1.11,494.720001
1.2,394.980011
1.29,320.579987
1.39,253.889496
1.48,193.887039
1.57,133.889999
1.66,75.410004
1.76,23.34
1.85,0
