capacity,cost
4.32,3680.909912
4.75,2941.530029
5.19,2313.76001
5.62,1847.670044
6.05,1500
6.48,1195.380005
6.92,907.01001
7.35,626.02002
7.78,352.5
8.21,109.160004
8.65,0
