capacity,cost
0.59,498.600006
0.64,397.980011
0.7,313.23999
0.76,250.270004
0.82,202.960007
0.88,161.839996
0.94,121.546509
1,81.273018
1.05,47.720001
1.11,14.84
1.17,0
