capacity,cost
5.32,4527.77002
5.85,3617.76001
6.38,2845.879883
6.91,2272.709961
7.44,1844.800049
7.98,1470.25
8.51,1115.619995
9.04,769.780029
9.57,433.470001
10.1,134.220001
10.63,0
