capacity,cost
5.26,4476.040039
5.78,3576.22998
6.31,2813.639893
6.83,2246.429932
7.36,1823.670044
7.88,1453.619995
8.41,1102.680054
8.93,761
9.46,428.73999
9.99,132.600006
10.51,0
