capacity,cost
2,1700.290039
2.2,1358.310059
2.4,1068.849976
2.6,853.280029
2.8,692.809998
2.99,552.059998
3.19,418.959991
3.39,289
3.59,162.880005
3.79,50.330002
3.99,0
