capacity,cost
3.21,2735.830078
3.53,2186.02002
3.86,1719.680054
4.18,1373.109985
4.5,1114.589966
4.82,888.590027
5.14,674.159973
5.46,465.220001
5.78,262.029999
6.1,81.089996
6.43,0
