capacity,cost
0.36,304.820007
0.39,243.570007
0.43,191.619995
0.47,153.009995
0.5,124.199997
0.54,96.138573
0.57,75.110001
0.61,48.860001
0.64,29.190001
0.68,9.03
0.72,0
