capacity,cost
0.95,813.820007
1.05,649.76001
1.15,511.220001
1.24,408.25
1.34,331.450012
1.43,264.220001
1.53,198.015259
1.62,138.449997
1.72,78.089996
1.81,24.09
1.91,0
