capacity,cost
212,1652.653564
589.476318,1133.007935
892.403687,879.220581
1902,441.476593
