capacity,cost
212,1739.213501
604.844177,1164.694092
914.122864,900.997192
1852,467.790466
