capacity,cost
212,2119.565186
594.097778,1480.821655
937.546753,1151.101929
2152,537.614197
