capacity,cost
6.7,2254723.75
20.110001,265455.9375
33.52,83331.289062
46.93,29846.519531
53.639999,16313.530273
60.34,6866.450195
63.700001,3175.280029
67.050003,0
