capacity,cost
6.56,2205306.75
19.67,259637.921875
32.790001,81504.898438
45.91,29192.369141
52.459999,15955.980469
59.02,6715.950195
62.299999,3105.689941
65.580002,0
