capacity,cost
2.91,979692.8125
8.74,115342.40625
14.57,36208.011719
20.389999,12968.509766
23.309999,7088.339844
24.76,4863.620117
26.219999,2983.52002
26.950001,2150.639893
27.68,1379.680054
28.4,664.580017
29.129999,0
