capacity,cost
5.21,1752106
15.63,206281.125
26.049999,64755.269531
36.470001,23193.199219
41.68,12676.959961
46.889999,5335.799805
49.5,2467.459961
52.099998,0
