capacity,cost
6.09,2046945.625
18.26,240993.546875
30.43,75652.109375
42.610001,27096.089844
48.700001,14810.200195
54.779999,6233.689941
57.830002,2882.669922
60.869999,0
