capacity,cost
0.35,1318.689941
0.41,173.380005
0.44,67.300003
0.45,40.029999
0.47,21.629999
0.48,14.71
0.485,8.93
0.49,4.09
0.5,0
