capacity,cost
0.35,1318.689941
0.41,173.380005
0.44,67.300003
0.47,21.629999
0.48,8.93
0.5,0
