capacity,cost
14.96,169851.875
19.35,22331.349609
21.549999,8667.950195
23.75,2785.810059
24.84,1150.540039
25.940001,0
