capacity,cost
0,431.051025
171.570679,291.226654
257.356018,227.40007
343.141357,165.823578
428.926697,106.374756
514.712036,50.017521
600.497375,0
