capacity,cost
0,553.987244
177.084442,385.04483
265.626648,301.366943
354.168884,217.995789
442.71109,135.059509
531.253296,63.42675
619.795532,0
