capacity,cost
0,557.717468
177.084442,396.009949
265.626648,315.608368
354.168884,235.64827
442.71109,156.176956
531.253296,77.614975
619.795532,0
