capacity,cost
0,462.839417
159.947357,315.573639
239.921036,248.061935
319.894714,182.556412
399.868408,118.942795
479.842072,57.637661
559.815735,0
