capacity,cost
0,519.221008
177.084442,356.397125
265.626648,279.319855
354.168884,204.506546
442.71109,132.091095
531.253296,62.959625
619.795532,0
