capacity,cost
0,558.315125
177.084442,384.948273
265.626648,300.673126
354.168884,217.435333
442.71109,135.941208
531.253296,63.591175
619.795532,0
