capacity,cost
0,432.532043
171.570679,297.642487
257.356018,234.064575
343.141357,172.130417
428.926697,111.893051
514.712036,53.959381
600.497375,0
