capacity,cost
0,470.502289
177.084442,286.718414
265.626648,216.570786
354.168884,153.75322
442.71109,97.291061
531.253296,45.284573
619.795532,0
