capacity,cost
0,433.793762
177.084442,294.165192
265.626648,229.612427
354.168884,167.403732
442.71109,107.772179
531.253296,51.315018
619.795532,0
