capacity,cost
0,525.364929
171.570679,369.338531
257.356018,294.879456
343.141357,220.677551
428.926697,146.710449
514.712036,73.059227
600.497375,0
