capacity,cost
0,535.530884
177.084442,376.224823
265.626648,300.148987
354.168884,224.440567
442.71109,149.132599
531.253296,74.269684
619.795532,0
