capacity,cost
0,524.142883
171.570679,372.479767
257.356018,297.365753
343.141357,222.485779
428.926697,147.83522
514.712036,73.549255
600.497375,0
