capacity,cost
0.63,206.979996
0.69,172.979996
0.75,142.630005
0.82,113.063843
0.88,87.739998
0.94,63.130001
1,42.529999
1.07,26.68
1.13,14.36
1.19,4.51
1.26,0
