capacity,cost
1.38,455.399994
1.52,380.589996
1.66,313.809998
1.8,251.17334
1.93,193.029999
2.07,138.899994
2.21,93.589996
2.35,58.700001
2.49,31.6
2.62,9.92
2.76,0
