capacity,cost
1.78,587.070007
1.96,490.640015
2.14,404.540009
2.31,324.149994
2.49,248.850006
2.67,179.070007
2.85,120.639999
3.03,75.68
3.21,40.73
3.38,12.79
3.56,0
