capacity,cost
1.59,522.690002
1.74,436.829987
1.9,360.179993
2.06,288.600006
2.22,221.559998
2.38,159.429993
2.54,107.410004
2.7,67.379997
2.85,36.259998
3.01,11.39
3.17,0
