capacity,cost
1.32,434.790009
1.45,363.359985
1.58,299.609985
1.71,240.059998
1.85,184.300003
1.98,132.610001
2.11,89.349998
2.24,56.049999
2.37,30.16
2.51,9.47
2.64,0
