capacity,cost
0.27,87.57
0.29,73.190002
0.32,59.650639
0.35,46.131279
0.37,37.119999
0.4,26.709999
0.43,17.448
0.45,11.29
0.48,5.652
0.5,1.91
0.53,0
