capacity,cost
0.52,172.669998
0.58,143.380005
0.63,118.989998
0.68,95.339996
0.73,73.190002
0.79,52.616364
0.84,35.490002
0.89,22.26
0.94,11.98
1,3.76
1.05,0
