capacity,cost
0,234.815964
153.69873,158.646332
230.548096,123.876671
307.397461,90.332741
384.246826,57.947872
461.096191,27.24715
537.945557,0
