capacity,cost
0,301.785736
158.638138,209.753983
237.957214,164.170273
317.276276,118.75367
396.595367,73.573959
475.914429,34.551853
555.233521,0
