capacity,cost
0,303.817749
158.638138,215.727249
237.957214,171.928314
317.276276,128.369888
396.595367,85.077721
475.914429,42.280922
555.233521,0
