capacity,cost
0,252.132736
143.286179,171.909393
214.92926,135.132263
286.572357,99.44799
358.215424,64.794342
429.858521,31.398237
501.501617,0
