capacity,cost
0,282.846741
158.638138,194.148087
237.957214,152.16008
317.276276,111.405373
396.595367,71.956902
475.914429,34.29739
555.233521,0
