capacity,cost
0,304.143341
158.638138,209.701385
237.957214,163.792313
317.276276,118.448357
396.595367,74.05426
475.914429,34.641426
555.233521,0
