capacity,cost
0,235.622742
153.69873,162.141357
230.548096,127.507172
307.397461,93.768402
384.246826,60.953976
461.096191,29.394485
537.945557,0
