capacity,cost
0,256.307129
158.638138,156.19046
237.957214,117.977386
317.276276,83.757385
396.595367,52.999512
475.914429,24.668867
555.233521,0
