capacity,cost
0,236.310059
158.638138,160.247101
237.957214,125.081848
317.276276,91.193535
396.595367,58.709122
475.914429,27.953964
555.233521,0
