capacity,cost
0,286.193665
153.69873,201.197937
230.548096,160.6362
307.397461,120.214561
384.246826,79.92083
461.096191,39.799168
537.945557,0
