capacity,cost
0,291.731567
158.638138,204.949265
237.957214,163.50679
317.276276,122.264473
396.595367,81.240303
475.914429,40.458569
555.233521,0
