capacity,cost
0,285.527954
153.69873,202.909134
230.548096,161.990631
307.397461,121.1996
384.246826,80.533546
461.096191,40.066113
537.945557,0
