capacity,cost
8.59,1928.569946
9.45,1662.819946
10.31,1401.099976
11.17,1144.949951
12.03,898.450012
12.89,670.25
13.75,460.709991
14.61,287
15.47,157.059998
16.33,49.650002
17.190001,0
