capacity,cost
10.5,2355.280029
11.54,2030.72998
12.59,1710.97998
13.64,1398.27002
14.69,1097.22998
15.74,818.549988
16.790001,562.640015
17.84,350.51001
18.889999,191.809998
19.940001,60.619999
20.99,0
