capacity,cost
1.23,276.73999
1.36,237.236115
1.48,200.773056
1.6,164.330002
1.73,128.876801
1.85,96.169998
1.97,66.099998
2.1,41.16
2.22,22.559999
2.34,7.12
2.47,0
