capacity,cost
1.08,242.470001
1.19,208.579498
1.3,174.709
1.4,143.919998
1.51,112.949997
1.62,84.25
1.73,57.939999
1.84,36.060001
1.94,19.76
2.05,6.23
2.16,0
