capacity,cost
1.18,263.839996
1.29,227.539993
1.41,191.690002
1.53,156.699997
1.65,122.761307
1.76,91.669998
1.88,63.029999
2,39.25
2.12,21.49
2.23,6.79
2.35,0
