capacity,cost
12.19,2735.409912
13.41,2358.530029
14.63,1987.219971
15.85,1623.959961
17.07,1274.410034
18.280001,950.690002
19.5,653.450012
20.719999,407.070007
21.940001,222.770004
23.16,70.389999
24.379999,0
