capacity,cost
1.44,323.559998
1.59,277.702362
1.73,234.911179
1.87,192.139999
2.02,150.770004
2.16,112.470001
2.31,77.279999
2.45,48.130001
2.6,26.32
2.74,8.34
2.88,0
