capacity,cost
9.2,2063.689941
10.12,1779.319946
11.04,1499.23999
11.96,1225.170044
12.87,961.419983
13.79,717.219971
14.71,493.019989
15.63,307.109985
16.549999,168.059998
17.469999,53.110001
18.389999,0
