capacity,cost
1.12,251.860001
1.23,217.110001
1.35,181.820007
1.46,149.490005
1.57,117.360001
1.68,87.529999
1.8,60.139999
1.91,37.490002
2.02,20.5
2.13,6.5
2.24,0
