capacity,cost
1.97,443.040009
2.17,381.950012
2.37,321.869995
2.57,262.634369
2.76,206.380005
2.96,154.020004
3.16,105.830002
3.36,65.949997
3.55,36.060001
3.75,11.41
3.95,0
