capacity,cost
1.75,620875.0625
5.24,73097.640625
8.73,22946.630859
12.22,8218.730469
13.97,4492.200195
15.71,1890.790039
16.59,874.369995
17.459999,0
