capacity,cost
80,4806.116699
593.622131,2786.066895
1286.61792,1356.691162
2208,355.922363
