capacity,cost
80,5920.720215
585.67804,3346.550537
1278.363892,1499.396851
2152,255.134842
