capacity,cost
80,5432.76123
563.330994,2957.280273
1174.542114,1238.256226
1952,0
