capacity,cost
80,4526.409668
566.567261,2448.162598
1195.446289,991.745483
1952,0
