capacity,cost
80,5136.615723
563.334045,2817.651367
1174.774414,1206.714355
1952,47.591141
