capacity,cost
80,6208.630371
613.166138,3520.002441
1340.287842,1636.130981
2302,361.024231
