capacity,cost
80,5437.760742
605.855774,3376.415771
1364.494995,1859.737793
2402,855.644348
