capacity,cost
80,4824.345215
578.368347,2657.914062
1213.348145,1167.181396
2021,108.644562
