capacity,cost
80,4599.637207
609.872314,2512.066406
1390.612915,967.271606
2402,0
