capacity,cost
80,5272.081055
541.002869,3014.488037
1145.942017,1363.780518
1952,138.509857
