capacity,cost
80,5409.941406
568.742126,3013.607666
1188.708374,1354.495972
1977,166.371658
