capacity,cost
80,5491.730957
583.149048,3093.551025
1238.121216,1431.797485
2027,315.657867
