capacity,cost
4.85,61780.039062
6.36,8122.560059
7.12,3152.780029
7.87,1013.280029
8.25,418.480011
8.63,0
