capacity,cost
0.96,672647.25
2.89,79192.953125
4.81,24860.060547
6.73,8904.049805
7.7,4866.779785
8.66,2048.449951
9.14,947.280029
9.62,0
