capacity,cost
1.38,962952.75
4.13,113371.5625
6.89,35589.320312
9.64,12746.919922
11.02,6967.220215
12.39,2932.540039
13.08,1356.109985
13.77,0
