capacity,cost
1.44,1010044.9375
4.33,118915.867188
7.22,37329.78125
10.11,13370.299805
11.56,7307.950195
13,3075.949951
13.72,1422.430054
14.44,0
