capacity,cost
1.37,956709.6875
4.1,112636.539062
6.84,35358.589844
9.58,12664.280273
10.95,6922.049805
12.31,2913.530029
13,1347.319946
13.68,0
