capacity,cost
1.16,814086.5
3.49,95845.039062
5.82,30087.439453
8.15,10776.330078
9.31,5890.129883
10.48,2479.189941
11.06,1146.459961
11.64,0
