capacity,cost
1.01,704561.25
3.02,82950.28125
5.04,26039.550781
7.05,9326.509766
8.06,5097.689941
9.07,2145.639893
9.57,992.219971
10.08,0
