capacity,cost
1.21,849362.25
3.64,99998.179688
6.07,31391.189453
8.5,11243.290039
9.72,6145.359863
10.93,2586.610107
11.54,1196.140015
12.15,0
