capacity,cost
2.04,437299.125
6.12,51484.648438
10.21,16161.929688
14.29,5788.669922
16.33,3163.97998
18.370001,1331.72998
19.389999,615.840027
20.41,0
