capacity,cost
5.72,1224738.125
17.15,144192.40625
28.58,45264.53125
40.009998,16212.259766
45.73,8861.30957
51.450001,3729.77002
54.310001,1724.77002
57.16,0
