capacity,cost
5.81,1244633.75
17.43,146534.78125
29.049999,45999.839844
40.66,16475.619141
46.470001,9005.259766
52.279999,3790.360107
55.189999,1752.790039
58.09,0
