capacity,cost
5.05,1081303.625
15.14,127305.390625
25.23,39963.398438
35.330002,14313.570312
40.380001,7823.52002
45.419998,3292.959961
47.950001,1522.780029
50.470001,0
