capacity,cost
3.5,750234.5625
10.51,88327.546875
17.51,27727.570312
24.51,9931.099609
28.01,5428.149902
31.52,2284.73999
33.27,1056.540039
35.02,0
