capacity,cost
3.15,674975.5625
9.45,79467.0625
15.75,24946.109375
22.049999,8934.870117
25.200001,4883.629883
28.35,2055.540039
29.93,950.559998
31.5,0
