capacity,cost
4.57,978166.25
13.7,115162.6875
22.83,36151.589844
31.959999,12948.30957
36.52,7077.290039
41.09,2978.870117
43.369999,1377.530029
45.66,0
