capacity,cost
2.29,875973.25
6.88,103131.171875
11.46,32374.689453
16.049999,11595.540039
18.34,6337.899902
20.629999,2667.649902
21.780001,1233.619995
22.93,0
