capacity,cost
4.1,1564654.625
12.29,184211.875
20.48,57827.339844
28.67,20711.839844
32.759998,11320.700195
36.860001,4764.939941
38.91,2203.469971
40.950001,0
