capacity,cost
4.28,1636203.75
12.85,192635.578125
21.41,60471.691406
29.98,21658.960938
34.259998,11838.370117
38.540001,4982.830078
40.68,2304.22998
42.830002,0
