capacity,cost
4.09,1560853.375
12.26,183764.328125
20.43,57686.851562
28.6,20661.529297
32.68,11293.19043
36.77,4753.359863
38.810001,2198.120117
40.849998,0
