capacity,cost
3.27,1248662.625
9.8,147009.109375
16.34,46148.738281
22.879999,16528.960938
26.15,9034.410156
29.41,3802.629883
31.049999,1758.469971
32.68,0
