capacity,cost
2.47,942459.125
7.4,110958.773438
12.33,34831.910156
17.27,12475.639648
19.73,6818.939941
22.200001,2870.129883
23.43,1327.25
24.67,0
