capacity,cost
3.43,1310118.375
10.29,154244.484375
17.15,48420.050781
24,17342.460938
27.43,9479.05957
30.860001,3989.780029
32.580002,1845.01001
34.290001,0
