capacity,cost
34,36658.851562
37.400002,28882.400391
40.799999,21629.150391
44.200001,15041.629883
47.610001,9426.349609
51.009998,5174.700195
54.41,2552.040039
57.810001,1312.02002
61.209999,687.969971
64.610001,210.490005
68.010002,0
