capacity,cost
66.410004,71591.8125
73.050003,56405.851562
79.690002,42237.46875
86.330002,29373.259766
92.970001,18407.660156
99.610001,10104.969727
106.25,4983.410156
112.889999,2562.27002
119.529999,1343.609985
126.169998,411.160004
132.809998,0
