capacity,cost
0.11,121.550003
0.12,96.480003
0.14,64.130371
0.15,47.970554
0.16,31.82
0.17,16.860001
0.18,8.41
0.19,4.42
0.2,2.22
0.22,0.68
0.23,0
