capacity,cost
0.56,599.919983
0.61,472.279999
0.67,348.348175
0.72,245.089996
0.78,154.580002
0.83,84.790001
0.89,41.75
0.95,21.4
1,11.15
1.06,3.46
1.11,0
