capacity,cost
85.57,92257.84375
94.129997,72689.078125
102.690002,54429.460938
111.25,37852.519531
119.800003,23722.160156
128.360001,13022
136.919998,6422.319824
145.479996,3301.939941
154.029999,1731.380005
162.589996,529.820007
171.149994,0
