capacity,cost
86.75,93525.070312
95.419998,73687.359375
104.099998,55176.839844
112.769997,38372.078125
121.449997,24047.509766
130.119995,13201.549805
138.800003,6510.399902
147.470001,3347.139893
156.149994,1755.180054
164.820007,537.099976
173.5,0
