capacity,cost
7.1,7657.450195
7.81,6032.410156
8.52,4518.399902
9.23,3141.810059
9.94,1968.400024
10.65,1081.180054
11.36,533.130005
12.08,274
12.78,143.770004
13.5,44
14.21,0
