capacity,cost
84.120003,90685.5625
92.529999,71449.546875
100.940002,53502.519531
109.349998,37207.460938
117.760002,23317.369141
126.169998,12800.389648
134.589996,6312.939941
143,3245.610107
151.410004,1701.939941
159.820007,520.820007
168.229996,0
