capacity,cost
0.17,181.899994
0.18,143.149994
0.2,107
0.22,74.18
0.24,41.396667
0.25,25.02
0.27,12.72
0.29,6.516667
0.3,3.43
0.32,1.05
0.34,0
