capacity,cost
13.06,14075.599609
14.36,11089.919922
15.67,8304.299805
16.969999,5775.089844
18.280001,3619.169922
19.58,1986.790039
20.889999,979.849976
22.190001,503.76001
23.5,264.170013
24.809999,80.839996
26.110001,0
