capacity,cost
30.23,32586.320312
33.25,25675.939453
36.27,19226.490234
39.290001,13370.700195
42.32,8379.160156
45.34,4599.77002
48.360001,2268.429932
51.389999,1166.160034
54.41,611.609985
57.43,187.160004
60.450001,0
