capacity,cost
0,430.212708
303.108185,290.660248
454.662292,226.957809
606.21637,165.501068
757.770508,106.16787
909.324585,49.920246
1060.878662,0
