capacity,cost
0,552.909851
312.849182,384.295959
469.273773,300.780823
625.698364,217.571823
782.122925,134.796844
938.547546,63.303394
1094.972168,0
