capacity,cost
0,556.632812
312.849182,395.239746
469.273773,314.994537
625.698364,235.189957
782.122925,155.873215
938.547546,77.464027
1094.972168,0
