capacity,cost
0,461.93924
282.573669,314.9599
423.860504,247.579483
565.147339,182.20137
706.434143,118.711472
847.721008,57.525566
989.007812,0
