capacity,cost
0,518.211182
312.849182,355.703979
469.273773,278.776611
625.698364,204.10881
782.122925,131.834198
938.547546,62.837177
1094.972168,0
