capacity,cost
0,557.229309
312.849182,384.199615
469.273773,300.088348
625.698364,217.012451
782.122925,135.676834
938.547546,63.467503
1094.972168,0
