capacity,cost
0,431.690826
303.108185,297.063599
454.662292,233.60936
606.21637,171.795639
757.770508,111.675438
909.324585,53.854439
1060.878662,0
