capacity,cost
0,469.58725
312.849182,286.160797
469.273773,216.149582
625.698364,153.454193
782.122925,97.101845
938.547546,45.196503
1094.972168,0
