capacity,cost
0,432.950073
312.849182,293.593079
469.273773,229.165863
625.698364,167.078156
782.122925,107.562576
938.547546,51.215218
1094.972168,0
