capacity,cost
0,524.343201
303.108185,368.620209
454.662292,294.305969
606.21637,220.248367
757.770508,146.425125
909.324585,72.917137
1060.878662,0
