capacity,cost
0,534.48938
312.849182,375.493134
469.273773,299.565247
625.698364,224.004074
782.122925,148.84256
938.547546,74.125244
1094.972168,0
