capacity,cost
0,523.123535
303.108185,371.755341
454.662292,296.787445
606.21637,222.053085
757.770508,147.547699
909.324585,73.406212
1060.878662,0
