capacity,cost
3.5,4652.009766
3.85,3834.449951
4.2,3085.23999
4.55,2384.25
4.9,1740.660034
5.25,1166.599976
5.6,684.130005
5.95,368.950012
6.3,193.050003
6.65,59.860001
7,0
