capacity,cost
10.55,14028.269531
11.61,11564.30957
12.66,9305.469727
13.72,7189.560059
14.77,5249.899902
15.83,3517.139893
16.889999,2063.100098
17.940001,1112.819946
19,581.890015
20.049999,180.479996
21.110001,0
