capacity,cost
0.45,603.150024
0.5,489.956665
0.54,399.420013
0.59,302.665558
0.63,225.279999
0.68,151.210007
0.73,88.470001
0.77,47.849998
0.82,24.950001
0.86,7.78
0.91,0
