capacity,cost
1,1330.130005
1.1,1096.810059
1.2,882.140015
1.3,681.849976
1.4,498.179993
1.5,333.5
1.6,195.820007
1.7,105.5
1.8,55.25
1.9,17.09
2,0
