capacity,cost
12.8,17009.890625
14.08,14021.889648
15.36,11282.839844
16.639999,8717.910156
17.91,6365.72998
19.190001,4264.580078
20.469999,2501.300049
21.75,1349.369995
23.030001,705.570007
24.309999,218.779999
25.59,0
