capacity,cost
11.33,15058.870117
12.46,12413.330078
13.59,9988.959961
14.73,7717.990234
15.86,5635.390137
16.99,3775.649902
18.129999,2214.449951
19.26,1194.530029
20.389999,624.700012
21.52,193.710007
22.66,0
