capacity,cost
5.23,6946.27002
5.75,5726.049805
6.27,4607.839844
6.79,3560.379883
7.32,2599.810059
7.84,1742.02002
8.36,1021.390015
8.88,550.969971
9.41,288.130005
9.93,89.349998
10.45,0
