capacity,cost
8.72,11594.700195
9.6,9557.860352
10.47,7691.310059
11.34,5942.850098
12.21,4339.430176
13.08,2906.919922
13.96,1704.930054
14.83,919.690002
15.7,480.970001
16.57,149.139999
17.450001,0
