capacity,cost
0.16,212.229996
0.18,164.139999
0.19,140.110001
0.21,99.346664
0.22,78.980003
0.24,53.189999
0.26,28.946667
0.27,16.84
0.29,7.443333
0.3,2.76
0.32,0
