capacity,cost
2.78,3695.98999
3.06,3046.840088
3.34,2451.949951
3.61,1894.709961
3.89,1382.949951
4.17,926.609985
4.45,543.530029
4.73,293.26001
5,153.440002
5.28,47.529999
5.56,0
