capacity,cost
1.68,2235.429932
1.85,1843.119995
2.02,1482.73999
2.19,1145.969971
2.35,836.400024
2.52,560.609985
2.69,328.540009
2.86,177.300003
3.03,92.790001
3.2,28.719999
3.36,0
