capacity,cost
2.91,651.849976
3.2,562.210022
3.49,473.670013
3.78,387.070007
4.07,303.720001
4.36,226.559998
4.65,155.679993
4.94,96.949997
5.23,53.110001
5.52,16.780001
5.81,0
