capacity,cost
2.54,571.090027
2.8,491.453735
3.05,414.899994
3.31,338.959991
3.56,266.079987
3.82,198.429993
4.07,136.460007
4.33,84.949997
4.58,46.529999
4.84,14.68
5.09,0
