capacity,cost
2.77,621.48999
3.05,534.944702
3.32,451.51001
3.6,369.089996
3.88,289.570007
4.15,215.949997
4.43,148.5
4.71,92.449997
4.99,50.630001
5.26,15.98
5.54,0
