capacity,cost
30.799999,6913.040039
33.889999,5960.439941
36.970001,5022.080078
40.049999,4103.919922
43.130001,3220.560059
46.209999,2402.719971
49.290001,1651.349976
52.369999,1028.77002
55.450001,563.030029
58.529999,177.919998
61.610001,0
