capacity,cost
28.709999,6443.100098
31.58,5555.399902
34.450001,4680.77002
37.32,3825.149902
40.200001,3001.780029
43.07,2239.300049
45.939999,1539.130005
48.810001,958.820007
51.68,524.710022
54.549999,165.830002
57.419998,0
