capacity,cost
3.4,762.140015
3.74,657.299988
4.08,553.799988
4.42,452.549988
4.76,355.119995
5.09,264.899994
5.43,182.050003
5.77,113.379997
6.11,62.009998
6.45,19.629999
6.79,0
