capacity,cost
21.66,4860.910156
23.83,4191.120117
25.99,3531.399902
28.16,2885.810059
30.33,2264.560059
32.490002,1689.400024
34.66,1161.27002
36.82,723.409973
38.990002,395.869995
41.16,125.089996
43.32,0
