capacity,cost
2.64,593.23999
2.91,510.584534
3.17,431.01001
3.44,352.140015
3.7,276.450012
3.97,206.179993
4.23,141.639999
4.49,88.290001
4.76,48.279999
5.02,15.29
5.29,0
