capacity,cost
4.65,1043.589966
5.12,899.310242
5.58,758.119995
6.05,619.419983
6.51,486.149994
6.97,362.769989
7.44,249.259995
7.9,155.339996
8.37,84.970001
8.84,26.889999
9.3,0
