capacity,cost
9.92,2226.719971
10.92,1919.819946
11.91,1617.660034
12.9,1321.859985
13.89,1037.390015
14.88,773.859985
15.88,531.960022
16.870001,331.339996
17.860001,181.360001
18.85,57.299999
19.84,0
