capacity,cost
0.1,17776.019531
0.3,2092.830078
0.5,656.97998
0.7,235.309998
0.79,128.610001
0.89,54.130001
0.94,25.030001
0.99,0
