capacity,cost
0.7,125268.140625
2.1,14748.219727
3.5,4629.72998
4.9,1658.219971
5.6,906.349976
6.3,381.48999
6.65,176.410004
7,0
