capacity,cost
0.14,25600.470703
0.43,3014.030029
0.72,946.159973
1,338.880005
1.14,185.229996
1.29,77.959999
1.36,36.049999
1.43,0
