capacity,cost
6.48,5427.350098
7.13,4121.060059
7.77,3005.47998
8.42,2046.52002
9.07,1207.569946
9.72,603.01001
10.36,257.779999
11.01,106.190002
11.66,55.91
12.31,17.33
12.95,0
