capacity,cost
5.9,4947.310059
6.49,3756.139893
7.08,2739.590088
7.68,1865.150024
8.27,1100.640015
8.86,549.719971
9.45,234.910004
10.04,96.800003
10.63,50.970001
11.22,15.79
11.81,0
