capacity,cost
0.75,317397.6875
2.26,37368.261719
3.77,11730.549805
5.27,4201.5
6.02,2296.459961
6.78,966.590027
7.15,446.980011
7.53,0
