capacity,cost
0.91,383976.65625
2.73,45206.820312
4.55,14191.209961
6.38,5082.819824
7.29,2778.169922
8.2,1169.349976
8.65,540.75
9.11,0
