capacity,cost
0.63,263889.59375
1.88,31068.580078
3.13,9752.969727
4.38,3493.189941
5.01,1909.310059
5.32,1310.060059
5.63,803.640015
5.79,579.299988
5.95,371.630005
6.1,179.009995
6.26,0
