capacity,cost
0.59,247516.109375
1.76,29140.880859
2.94,9147.830078
4.11,3276.449951
4.7,1790.849976
4.99,1228.780029
5.29,753.780029
5.43,543.349976
5.58,348.570007
5.73,167.899994
5.87,0
