capacity,cost
0.95,398801.15625
2.84,46952.160156
4.73,14739.110352
6.62,5279.060059
7.57,2885.429932
8.52,1214.48999
8.99,561.619995
9.46,0
