capacity,cost
0.93,390793.625
2.78,46009.398438
4.64,14443.160156
6.49,5173.060059
7.42,2827.5
8.34,1190.109985
8.81,550.349976
9.27,0
