capacity,cost
0.61,256249.625
1.82,30169.099609
3.04,9470.610352
4.26,3392.060059
4.86,1854.030029
5.17,1272.130005
5.47,780.369995
5.62,562.530029
5.78,360.869995
5.93,173.830002
6.08,0
