capacity,cost
0.84,354874.34375
2.53,41780.511719
4.21,13115.639648
5.89,4697.589844
6.74,2567.610107
7.58,1080.719971
8,499.76001
8.42,0
