capacity,cost
0.76,319125.09375
2.27,37571.628906
3.79,11794.400391
5.3,4224.359863
6.06,2308.959961
6.81,971.849976
7.19,449.420013
7.57,0
