capacity,cost
0.86,362713.34375
2.58,42703.421875
4.3,13405.349609
6.02,4801.359863
6.88,2624.330078
7.74,1104.589966
8.18,510.799988
8.61,0
