capacity,cost
81,1802.64563
243.284637,1273.971191
440.692352,894.312195
802,484.584412
