capacity,cost
81,2318.10376
243.294907,1638.205933
440.700226,1150.015503
802,623.12384
