capacity,cost
81,1922.858154
216.909515,1335.458496
370.147583,902.242065
577,533.963623
