capacity,cost
81,1642.988037
217.674835,1148.988892
381.912415,768.46228
602,453.926117
