capacity,cost
81,1801.304932
218.05748,1246.386719
375.614227,833.921021
577,501.270386
