capacity,cost
81,2523.369873
274.456421,1741.935791
513.817505,1224.620728
952,649.85553
