capacity,cost
81,1956.995483
281.144653,1337.874634
539.644897,923.345703
977,495.899872
