capacity,cost
81,1807.844238
228.265884,1268.950317
408.769073,861.67334
682,492.667389
