capacity,cost
81,1970.602783
267.953949,1377.346558
513.770691,958.50415
977,495.974304
