capacity,cost
81,1811.415161
218.058548,1253.395874
375.598785,838.644836
577,504.082031
