capacity,cost
81,2094.636475
236.377335,1465.201172
421.860321,1010.119141
723,568.411377
