capacity,cost
81,1935.351196
221.244873,1366.722656
393.892151,924.614868
652,528.608765
