capacity,cost
0,50977.777344
430.804688,30586.666016
646.207031,20391.111328
861.609375,10195.555664
1077.011719,0
