capacity,cost
0,57263.101562
430.804688,34357.859375
646.207031,22905.240234
861.609375,11452.620117
1077.011719,0
