capacity,cost
0,57423.214844
430.804688,34453.929688
646.207031,22969.285156
861.609375,11484.642578
1077.011719,0
