capacity,cost
8.11,2115.449951
8.92,1790.469971
9.74,1468.619995
10.55,1151.52002
11.36,841.710022
12.17,547.940002
12.98,284.480011
13.79,113.040001
14.6,46.09
15.42,14.13
16.23,0
