capacity,cost
0.63,163.570007
0.69,138.350006
0.75,113.660004
0.82,87.42672
0.88,64.943359
0.94,42.48
1,22.030001
1.07,8.74
1.13,3.55
1.19,1.09
1.25,0
