capacity,cost
2.72,710.059998
3,599.490723
3.27,492.890015
3.54,386.5
3.81,282.399994
4.09,183.919998
4.36,95.529999
4.63,37.919998
4.9,15.48
5.17,4.73
5.45,0
