capacity,cost
12.24,3191.389893
13.46,2700.909912
14.69,2215.540039
15.91,1736.939941
17.129999,1269.72998
18.360001,826.710022
19.58,429.049988
20.809999,170.509995
22.030001,69.540001
23.25,21.299999
24.48,0
