capacity,cost
29.690001,7741.5
32.66,6551.680176
35.630001,5374.259766
38.599998,4213.259766
41.560001,3079.899902
44.529999,2005.430054
47.5,1040.810059
50.470001,413.619995
53.439999,168.699997
56.41,51.669998
59.380001,0
