capacity,cost
0.59,164136.625
1.76,19324.339844
2.94,6066.25
4.12,2172.72998
4.7,1187.569946
5.29,499.859985
5.59,231.149994
5.88,0
