capacity,cost
0.97,271366.46875
2.92,31948.859375
4.86,10029.30957
6.81,3592.169922
7.78,1963.410034
8.75,826.409973
9.24,382.160004
9.72,0
