capacity,cost
0.38,106727.648438
1.15,12565.389648
1.91,3944.5
2.68,1412.790039
3.06,772.200012
3.25,529.840027
3.44,325.019989
3.54,234.289993
3.63,150.300003
3.73,72.400002
3.82,0
