capacity,cost
0.92,256102.015625
2.75,30151.720703
4.59,9465.160156
6.42,3390.110107
7.34,1852.969971
8.26,779.919983
8.72,360.660004
9.18,0
