capacity,cost
0.9,250132.171875
2.69,29448.869141
4.48,9244.519531
6.27,3311.080078
7.17,1809.77002
8.07,761.73999
8.51,352.26001
8.96,0
