capacity,cost
0.71,199083.4375
2.14,23438.740234
3.57,7357.830078
4.99,2635.330078
5.71,1440.420044
6.42,606.280029
6.78,280.369995
7.13,0
