capacity,cost
0.7,195383.109375
2.1,23003.089844
3.5,7221.069824
4.9,2586.350098
5.6,1413.650024
6.3,595.01001
6.65,275.149994
7,0
