capacity,cost
0.83,231001.3125
2.48,27196.529297
4.14,8537.469727
5.79,3057.840088
6.62,1671.359985
7.45,703.47998
7.86,325.309998
8.28,0
