capacity,cost
0.48,3889.780029
0.53,1952.540039
0.58,759.659973
0.63,385.399994
0.67,271.109985
0.72,163.360001
0.77,93.150002
0.82,58.91
0.87,31.672222
0.91,9.9
0.96,0
