capacity,cost
0.1,772.340027
0.11,150.869995
0.12,76.559998
0.13,53.869999
0.14,32.48
0.15,18.540001
0.16,11.7
0.17,6.33
0.18,1.97
0.19,0
