capacity,cost
0.2,1645.680054
0.22,826.080017
0.24,321.399994
0.26,163.070007
0.28,114.709999
0.31,69.120003
0.33,39.419998
0.35,24.940001
0.37,13.48
0.39,4.19
0.41,0
