capacity,cost
50,119.117249
55,92.96846
65,40.670887
67,32.502789
