capacity,cost
50,175.158936
55.666668,136.76329
67,59.972027
69,51.879913
