capacity,cost
50,120.670219
54,94.117264
62,41.011349
64,32.28001
