capacity,cost
50,100.633255
54,78.491722
62,34.208641
64,25.952002
