capacity,cost
50,113.030327
54,88.159431
62,38.417656
64,30.341122
