capacity,cost
50,176.619263
55.666668,137.905579
67,60.478233
69,52.430984
