capacity,cost
50,127.682655
55.333332,99.674828
66,43.659149
68,35.417187
