capacity,cost
50,121.612404
54.666668,94.895851
64,41.46278
66,33.375702
