capacity,cost
50,128.314377
55.333332,100.166176
66,43.86977
68,35.717079
