capacity,cost
50,133.827484
54.666668,104.427338
64,45.627071
66,37.101807
