capacity,cost
50,157.305313
55.333332,122.801514
66,53.793896
68,45.514103
