capacity,cost
50,164.241074
55.666668,128.240799
67,56.240261
69,48.047264
