capacity,cost
0,5485.789551
214.203201,0
