capacity,cost
0,6998.334961
221.343307,0
