capacity,cost
0,6993.953613
221.343307,0
