capacity,cost
0,5872.181152
199.922989,0
