capacity,cost
0,6579.326172
221.343307,0
