capacity,cost
0,7056.60791
221.343307,0
