capacity,cost
0,5474.038086
214.203201,0
