capacity,cost
0,6027.81543
221.343307,0
