capacity,cost
0,5515.303711
221.343307,0
