capacity,cost
0,6580.527344
214.203201,0
