capacity,cost
0,6707.794434
221.343307,0
