capacity,cost
0,6562.028809
214.203201,0
