capacity,cost
16.860001,287039.875
21.549999,37738.691406
23.9,14648.330078
25.08,8713.490234
26.25,4707.859863
26.84,3201.889893
27.43,1944.339966
28.01,889.23999
28.6,0
