capacity,cost
16.860001,287039.875
21.549999,37738.691406
23.9,14648.330078
26.25,4707.859863
27.43,1944.339966
28.6,0
