capacity,cost
44.25,20194.580078
48.669998,17080.720703
53.099998,14298.820312
57.52,11704.610352
61.939999,9319.5
66.370003,7156.100098
70.790001,5153.720215
75.220001,3276.540039
79.639999,1731.589966
84.07,542.789978
88.489998,0
