capacity,cost
96.480003,44034.378906
106.129997,37244.949219
115.769997,31177.810547
125.419998,25521.429688
135.070007,20320.970703
144.720001,15603.919922
154.369995,11237.209961
164.009995,7144.22998
173.660004,3775.629883
183.309998,1183.599976
192.960007,0
