capacity,cost
6.5,2968.060059
7.15,2510.590088
7.8,2101.820068
8.45,1720.25
9.1,1369.849976
9.76,1051.650024
10.41,757.419983
11.06,481.630005
11.71,254.389999
12.36,79.739998
13.01,0
