capacity,cost
5.77,2633.969971
6.35,2228.080078
6.93,1864.939941
7.5,1526.800049
8.08,1215.5
8.66,933.51001
9.23,672.119995
9.81,427.440002
10.39,225.800003
10.97,70.839996
11.54,0
