capacity,cost
35.91,16388.490234
39.5,13861.599609
43.09,11603.709961
46.68,9498.519531
50.27,7563.02002
53.860001,5807.430176
57.450001,4182.220215
61.040001,2658.899902
64.629997,1405.180054
68.220001,440.480011
71.809998,0
