capacity,cost
79.120003,36111.519531
87.029999,30543.949219
94.940002,25568.599609
102.860001,20929.720703
110.769997,16665.160156
118.68,12796.639648
126.589996,9215.450195
134.5,5858.740234
142.419998,3096.360107
150.330002,970.609985
158.240005,0
