capacity,cost
12.37,5645.129883
13.61,4774.399902
14.84,3996.840088
16.08,3271.860107
17.32,2604.919922
18.549999,2000.339966
19.790001,1440.670044
21.030001,915.75
22.26,484
23.5,151.779999
24.74,0
