capacity,cost
29.32,13382.360352
32.25,11318.740234
35.18,9475.269531
38.119999,7756.040039
41.049999,6175.77002
43.98,4742.040039
46.91,3415.129883
49.84,2171.080078
52.779999,1147.469971
55.709999,359.630005
58.639999,0
