capacity,cost
0.08,14946.969727
0.24,1759.76001
0.39,552.419983
0.55,197.860001
0.63,108.150002
0.71,45.52
0.75,21.049999
0.79,0
