capacity,cost
0.11,20997.720703
0.33,2472.129883
0.55,776.049988
0.77,277.950012
0.88,151.919998
0.99,63.950001
1.05,29.57
1.1,0
