capacity,cost
0.05,8841.480469
0.14,1040.939941
0.23,326.769989
0.33,117.040001
0.37,63.970001
0.39,43.889999
0.42,26.93
0.43,19.41
0.44,12.45
0.45,6
0.46,0
