capacity,cost
0.04,8191.27002
0.13,964.390015
0.22,302.73999
0.3,108.43
0.34,59.27
0.37,40.669998
0.39,24.950001
0.4,17.98
0.41,11.54
0.42,5.56
0.43,0
