capacity,cost
0.12,22961.699219
0.36,2703.360107
0.6,848.630005
0.84,303.950012
0.97,166.130005
1.09,69.93
1.15,32.34
1.21,0
