capacity,cost
0.12,22142.699219
0.35,2606.929932
0.58,818.359985
0.81,293.109985
0.93,160.210007
1.05,67.43
1.11,31.18
1.16,0
