capacity,cost
0.1,18233.410156
0.29,2146.679932
0.48,673.880005
0.67,241.360001
0.77,131.919998
0.86,55.529999
0.91,25.68
0.96,0
