capacity,cost
0.08,14870.019531
0.23,1750.699951
0.39,549.570007
0.55,196.839996
0.62,107.589996
0.7,45.279999
0.74,20.940001
0.78,0
