capacity,cost
0.1,19136.539062
0.3,2253.01001
0.5,707.26001
0.7,253.320007
0.8,138.460007
0.9,58.279999
0.96,26.950001
1.01,0
