capacity,cost
0,0
19,0
30.709999,606.578003
