capacity,cost
2.01,569.460022
2.21,485.540009
2.42,400.07196
2.62,318.680969
2.82,237.309998
3.02,158.240005
3.22,87.629997
3.42,39.580002
3.62,17.17
3.82,5.33
4.03,0
