capacity,cost
2.12,599.599976
2.33,511.230011
2.54,423.200012
2.76,334.41745
2.97,249.690002
3.18,166.610001
3.39,92.279999
3.6,41.790001
3.82,18.1
4.03,5.58
4.24,0
