capacity,cost
0,20.090975
69.700592,13.573862
104.55088,10.598952
139.401184,7.728916
174.251465,4.95805
209.101761,2.33128
243.952057,0
