capacity,cost
0,25.820944
71.940552,17.946659
107.910828,14.046494
143.881104,10.160625
179.851379,6.295026
215.821655,2.956275
251.791931,0
