capacity,cost
0,25.994804
71.940552,18.457735
107.910828,14.710277
143.881104,10.983395
179.851379,7.279294
215.821655,3.617578
251.791931,0
