capacity,cost
0,21.572609
64.978615,14.708657
97.467918,11.561986
129.95723,8.508821
162.446533,5.543837
194.935837,2.68645
227.425156,0
