capacity,cost
0,24.200514
71.940552,16.611412
107.910828,13.018895
143.881104,9.531901
179.851379,6.15667
215.821655,2.934502
251.791931,0
