capacity,cost
0,26.022663
71.940552,17.94216
107.910828,14.014155
143.881104,10.134502
179.851379,6.336121
215.821655,2.963938
251.791931,0
