capacity,cost
0,20.160004
69.700592,13.872899
104.55088,10.909579
139.401184,8.022873
174.251465,5.215254
209.101761,2.515007
243.952057,0
