capacity,cost
0,21.92977
71.940552,13.363737
107.910828,10.094207
143.881104,7.166326
179.851379,4.534666
215.821655,2.110681
251.791931,0
