capacity,cost
0,20.218811
71.940552,13.710825
107.910828,10.702068
143.881104,7.802566
179.851379,5.023183
215.821655,2.391756
251.791931,0
