capacity,cost
0,24.486877
69.700592,17.2146
104.55088,13.744117
139.401184,10.28562
174.251465,6.838068
209.101761,3.405237
243.952057,0
