capacity,cost
0,24.960705
71.940552,17.535566
107.910828,13.989726
143.881104,10.461012
179.851379,6.950962
215.821655,3.461656
251.791931,0
