capacity,cost
0,24.429918
69.700592,17.361012
104.55088,13.860003
139.401184,10.369901
174.251465,6.890492
209.101761,3.428077
243.952057,0
