capacity,cost
4.76,73352.53125
5.67,9644.049805
6.12,3743.350098
6.58,1203.089966
6.81,496.869995
7.04,0
