capacity,cost
7.03,7144.459961
7.73,5941.290039
8.44,4845.240234
9.14,3827.969971
9.84,2876.48999
10.55,1998.439941
11.25,1230.800049
11.95,688.409973
12.65,358.570007
13.36,110.980003
14.06,0
