capacity,cost
0.21,216.610001
0.23,180.050003
0.26,140.201141
0.28,113.63855
0.3,87.095955
0.32,60.560001
0.34,37.23
0.36,20.91
0.38,10.9
0.4,3.37
0.43,0
