capacity,cost
0.65,661.630005
0.72,546.965393
0.78,448.700012
0.85,350.5177
0.91,266.380005
0.98,184.30307
1.04,113.970001
1.11,63.740002
1.17,33.209999
1.24,10.28
1.3,0
