capacity,cost
14.46,14690.730469
15.9,12216.549805
17.35,9962.959961
18.790001,7871.060059
20.24,5914.72998
21.68,4109.129883
23.129999,2530.580078
24.57,1415.359985
26.02,737.289978
27.469999,228.220001
28.91,0
