capacity,cost
0.05,55.220001
0.06,41.977577
0.07,28.74379
0.08,15.53
0.09,5.36
0.1,0.87
0.11,0
