capacity,cost
2.77,2818.810059
3.05,2343.939941
3.33,1911.670044
3.61,1510.170044
3.88,1134.910034
4.16,788.359985
4.44,485.609985
4.72,271.540009
4.99,141.490005
5.27,43.77
5.55,0
