capacity,cost
3.6,3661.879883
3.96,3045.360107
4.32,2483.399902
4.68,1962.130005
5.04,1474.300049
5.41,1024.380005
5.77,630.799988
6.13,352.869995
6.49,183.809998
6.85,56.869999
7.21,0
