capacity,cost
0.63,244105.109375
1.9,28739.289062
3.16,9021.769531
4.42,3231.300049
5.05,1766.170044
5.69,743.390015
6,343.769989
6.32,0
