capacity,cost
1.03,397576.3125
3.09,46807.949219
5.14,14693.839844
7.2,5262.850098
8.23,2876.570068
9.26,1210.76001
9.78,559.900024
10.29,0
