capacity,cost
0.97,375729.25
2.92,44235.828125
4.86,13886.400391
6.81,4973.649902
7.78,2718.5
8.75,1144.22998
9.24,529.130005
9.72,0
