capacity,cost
0.95,367185
2.85,43229.878906
4.75,13570.620117
6.65,4860.549805
7.6,2656.679932
8.55,1118.209961
9.03,517.099976
9.5,0
