capacity,cost
0.76,294122.21875
2.28,34627.960938
3.81,10870.330078
5.33,3893.389893
6.09,2128.050049
6.85,895.710022
7.23,414.209991
7.61,0
