capacity,cost
0.75,288826.1875
2.24,34004.449219
3.74,10674.589844
5.23,3823.290039
5.98,2089.72998
6.73,879.580017
7.1,406.75
7.48,0
