capacity,cost
0.88,339804.21875
2.64,40006.25
4.4,12558.669922
6.16,4498.100098
7.04,2458.570068
7.92,1034.829956
8.35,478.540009
8.79,0
