capacity,cost
0,4302.414062
249.759995,2581.448486
374.640015,1720.965576
499.519989,860.482788
624.400024,0
