capacity,cost
0,5522.402832
249.759995,3313.44165
374.640015,2208.961182
499.519989,1104.480591
624.400024,0
