capacity,cost
0,5173.299316
249.759995,3103.979736
374.640015,2069.319824
499.519989,1034.659912
624.400024,0
