capacity,cost
0,4325.558105
249.759995,2595.334961
374.640015,1730.223267
499.519989,865.111633
624.400024,0
