capacity,cost
30.1,206.144089
120.499992,160.33992
210.899994,114.535736
303.299988,67.718193
