capacity,cost
30.1,265.090729
120.499992,206.183853
210.899994,147.276993
303.299988,87.066872
