capacity,cost
30.1,264.601105
120.499992,205.805679
210.899994,147.010269
303.299988,86.914078
