capacity,cost
30.1,220.667191
120.499992,171.635498
210.899994,122.60379
303.299988,72.48732
