capacity,cost
30.1,247.877441
120.499992,192.796158
210.899994,137.714874
303.299988,81.414978
