capacity,cost
30.1,267.301727
120.499992,207.904724
210.899994,148.507706
303.299988,87.796608
