capacity,cost
30.1,206.230804
120.499992,160.403671
210.899994,114.576546
303.299988,67.735535
