capacity,cost
30.1,226.514145
120.499992,176.183044
210.899994,125.851936
303.299988,74.40731
