capacity,cost
30.1,207.260529
120.499992,161.203094
210.899994,115.145645
303.299988,68.069237
