capacity,cost
30.1,249.26683
120.499992,193.877945
210.899994,138.489059
303.299988,81.874756
