capacity,cost
30.1,254.090042
120.499992,197.63089
210.899994,141.171753
303.299988,83.463509
