capacity,cost
30.1,248.565613
120.499992,193.334824
210.899994,138.104019
303.299988,81.651314
