capacity,cost
0.85,341877.6875
2.55,40250.371094
4.25,12635.299805
5.95,4525.549805
6.8,2473.580078
7.65,1041.140015
8.07,481.459991
8.5,0
