capacity,cost
2.03,816673.8125
6.09,96149.65625
10.15,30183.070312
14.21,10810.580078
16.24,5908.850098
18.27,2487.070068
19.280001,1150.109985
20.299999,0
