capacity,cost
0.32,130518.539062
0.97,15366.370117
1.62,4823.77002
2.27,1727.719971
2.6,944.340027
2.76,647.950012
2.92,397.480011
3,286.519989
3.08,183.809998
3.16,88.540001
3.24,0
