capacity,cost
2.13,855700.5
6.38,100744.390625
10.63,31625.429688
14.89,11327.19043
17.01,6191.220215
19.139999,2605.919922
20.200001,1205.069946
21.27,0
