capacity,cost
1.81,729012
5.44,85828.953125
9.06,26943.210938
12.68,9650.169922
14.49,5274.600098
16.309999,2220.100098
17.209999,1026.650024
18.120001,0
