capacity,cost
1.41,568108.125
4.24,66885.210938
7.06,20996.439453
9.88,7520.22998
11.3,4110.410156
12.71,1730.089966
13.41,800.059998
14.12,0
