capacity,cost
0.95,384191.84375
2.86,45232.148438
4.77,14199.169922
6.68,5085.669922
7.64,2779.72998
8.59,1170
9.07,541.049988
9.55,0
