capacity,cost
1.58,634676.375
4.73,74722.507812
7.89,23456.710938
11.04,8401.419922
12.62,4592.049805
14.2,1932.819946
14.98,893.799988
15.77,0
