capacity,cost
2.82,18967.529297
3.74,2493.76001
4.2,967.960022
4.66,311.089996
4.89,128.479996
5.12,0
