capacity,cost
0,197.892242
14.476276,133.699936
21.714415,104.397636
28.952553,76.128334
36.190689,48.835838
43.428829,22.962662
50.666965,0
