capacity,cost
0,254.331329
14.9415,176.771133
22.412249,138.35527
29.882999,100.0802
37.353748,62.004791
44.824497,29.118736
52.29525,0
