capacity,cost
0,256.043823
14.9415,181.805145
22.412249,144.893387
29.882999,108.184319
37.353748,71.699646
44.824497,35.632442
52.29525,0
