capacity,cost
0,212.486038
13.495559,144.877441
20.243338,113.883339
26.991117,83.810257
33.738895,54.605728
40.486675,26.46101
47.234455,0
