capacity,cost
0,238.370392
14.9415,163.619202
22.412249,128.233612
29.882999,93.88739
37.353748,60.64201
44.824497,28.904284
52.29525,0
