capacity,cost
0,256.318237
14.9415,176.726822
22.412249,138.036728
29.882999,99.822899
37.353748,62.409573
44.824497,29.194223
52.29525,0
