capacity,cost
0,198.572159
14.476276,136.645386
21.714415,107.45726
28.952553,79.023758
36.190689,51.369247
43.428829,24.772339
50.666965,0
