capacity,cost
0,216.004013
14.9415,131.630234
22.412249,99.425995
29.882999,70.586929
37.353748,44.665585
44.824497,20.789803
52.29525,0
