capacity,cost
0,199.151398
14.9415,135.048996
22.412249,105.413307
29.882999,76.853775
37.353748,49.477383
44.824497,23.558332
52.29525,0
