capacity,cost
0,241.191025
14.476276,169.560501
21.714415,135.376907
28.952553,101.311378
36.190689,67.353653
43.428829,33.540936
50.666965,0
