capacity,cost
0,245.858139
14.9415,172.721939
22.412249,137.796112
29.882999,103.038956
37.353748,68.465637
44.824497,34.096645
52.29525,0
