capacity,cost
0,240.62999
14.476276,171.002609
21.714415,136.518356
28.952553,102.141525
36.190689,67.870026
43.428829,33.7659
50.666965,0
