capacity,cost
10.21,8556.580078
11.23,6496.290039
12.25,4737.970215
13.28,3225.51001
14.3,1903.72998
15.32,950.849976
16.34,406.329987
17.360001,167.460007
18.379999,88.169998
19.4,27.290001
20.42,0
