capacity,cost
11.87,9949.410156
13.06,7553.25
14.25,5509.049805
15.43,3750.639893
16.620001,2213.300049
17.809999,1105.48999
19,472.399994
20.18,194.669998
21.370001,102.5
22.559999,31.75
23.74,0
