capacity,cost
0.08,69.040001
0.09,52.599998
0.1,37.610428
0.11,22.64086
0.12,7.68
0.13,3.35
0.14,1.33
0.15,0.69
0.16,0.21
0.17,0
