capacity,cost
15.78,13226.75
17.360001,10041.959961
18.940001,7324.72998
20.52,4986.740234
22.1,2942.669922
23.68,1469.72998
25.26,627.97998
26.83,258.859985
28.41,136.270004
29.99,42.220001
31.57,0
