capacity,cost
15.6,13070.269531
17.16,9923.580078
18.719999,7238.100098
20.280001,4927.450195
21.84,2907.830078
23.4,1452.52002
24.959999,620.599976
26.52,255.770004
28.08,134.679993
29.639999,41.709999
31.200001,0
