capacity,cost
15.21,12743.839844
16.73,9675.929688
18.25,7056.950195
19.77,4804.72998
21.290001,2835.139893
22.809999,1416.26001
24.33,605.159973
25.85,249.369995
27.379999,131.289993
28.9,40.68
30.42,0
