capacity,cost
2.42,2028.069946
2.66,1539.829956
2.9,1123.130005
3.15,764.72998
3.39,451.380005
3.63,225.559998
3.87,96.279999
4.12,39.689999
4.36,20.9
4.6,6.48
4.84,0
