capacity,cost
0,3704.320557
19.200001,2222.592285
28.799999,1481.728271
38.400002,740.864136
48,0
