capacity,cost
0,3965.245117
19.200001,2379.146973
28.799999,1586.098022
38.400002,793.049011
48,0
