capacity,cost
0,4803.23877
19.200001,2881.943115
28.799999,1921.295532
38.400002,960.647766
48,0
