capacity,cost
0,3705.893799
19.200001,2223.536377
28.799999,1482.357544
38.400002,741.178772
48,0
