capacity,cost
0,3724.247314
19.200001,2234.54834
28.799999,1489.698975
38.400002,744.849487
48,0
