capacity,cost
0,4565.819824
19.200001,2739.491943
28.799999,1826.328003
38.400002,913.164001
48,0
