capacity,cost
0,4466.595703
19.200001,2679.957275
28.799999,1786.638184
38.400002,893.319092
48,0
