capacity,cost
0.36,182397.15625
1.08,21474.210938
1.79,6741.129883
2.51,2414.449951
2.87,1319.689941
3.23,555.469971
3.4,256.869995
3.58,0
