capacity,cost
0.5,255948.15625
1.51,30133.609375
2.51,9459.469727
3.52,3388.070068
4.02,1851.849976
4.53,779.450012
4.78,360.450012
5.03,0
