capacity,cost
0.55,279821.6875
1.65,32944.308594
2.75,10341.799805
3.85,3704.090088
4.4,2024.579956
4.95,852.159973
5.22,394.070007
5.5,0
