capacity,cost
0.53,269866.1875
1.59,31772.220703
2.65,9973.860352
3.71,3572.310059
4.24,1952.550049
4.77,821.840027
5.04,380.049988
5.3,0
