capacity,cost
0.44,222346.09375
1.31,26177.529297
2.18,8217.589844
3.06,2943.27002
3.49,1608.72998
3.93,677.119995
4.15,313.130005
4.37,0
