capacity,cost
0.36,181461.703125
1.07,21364.080078
1.78,6706.560059
2.5,2402.070068
2.85,1312.920044
3.21,552.619995
3.39,255.550003
3.57,0
