capacity,cost
0.46,233324.15625
1.38,27470.009766
2.29,8623.320312
3.21,3088.590088
3.67,1688.160034
4.13,710.559998
4.35,328.589996
4.58,0
