capacity,cost
5.09,36978.109375
6.45,4861.709961
7.13,1887.079956
7.81,606.48999
8.15,250.479996
8.49,0
