capacity,cost
4.92,3801.449951
5.41,2805.439941
5.9,1926.410034
6.4,1291.540039
6.89,889.960022
7.38,608.390015
7.87,394.480011
8.36,239.160004
8.86,127.870003
9.35,39.509998
9.84,0
