capacity,cost
16.85,13019.780273
18.530001,9608.320312
20.219999,6597.089844
21.9,4423.609863
23.59,3048.01001
25.280001,2083.419922
26.959999,1351.119995
28.639999,819
30.33,438.01001
32.009998,135.320007
33.700001,0
