capacity,cost
20.780001,16057.629883
22.860001,11849.900391
24.940001,8136.359863
27.02,5455.580078
29.09,3759.120117
31.17,2569.550049
33.25,1666.319946
35.330002,1010.119995
37.41,540.190002
39.48,166.899994
41.560001,0
