capacity,cost
17.83,13773.679688
19.610001,10164.290039
21.389999,6979.22998
23.17,4679.660156
24.959999,3224.429932
26.74,2204.01001
28.52,1429.339966
30.299999,866.440002
32.09,463.339996
33.869999,143.160004
35.650002,0
