capacity,cost
0.46,357.339996
0.51,263.910004
0.56,181.059998
0.6,121.519997
0.65,83.650002
0.69,57.240002
0.74,37.099998
0.79,22.530001
0.83,12.03
0.88,3.71
0.93,0
