capacity,cost
14.43,11149.089844
15.87,8227.330078
17.309999,5649.140137
18.76,3787.969971
20.200001,2609.98999
21.639999,1784.089966
23.09,1156.920044
24.530001,701.340027
25.969999,375.089996
27.41,115.860001
28.860001,0
