capacity,cost
0.21,158.729996
0.23,117.32
0.25,80.330002
0.27,53.939999
0.29,37.259998
0.31,25.41
0.33,16.530001
0.35,9.98
0.37,5.36
0.39,1.64
0.41,0
