capacity,cost
5.5,48439.28125
7.12,6368.580078
7.93,2471.969971
8.34,1470.439941
8.74,794.469971
8.94,540.330017
9.15,328.119995
9.35,150.059998
9.55,0
