capacity,cost
5.5,48439.28125
7.12,6368.580078
7.93,2471.969971
8.74,794.469971
9.15,328.119995
9.55,0
