capacity,cost
2.68,652366
8.03,76805.171875
13.39,24110.490234
18.74,8635.580078
21.42,4720.040039
24.1,1986.689941
25.43,918.710022
26.77,0
