capacity,cost
5.01,1220731.375
15.03,143720.671875
25.049999,45116.441406
35.07,16159.219727
40.080002,8832.320312
45.09,3717.570068
47.59,1719.130005
50.099998,0
