capacity,cost
1.79,435547.90625
5.36,51278.46875
8.94,16097.209961
12.51,5765.490234
14.3,3151.310059
15.19,2162.25
16.09,1326.400024
16.530001,956.119995
16.98,613.369995
17.43,295.450012
17.870001,0
