capacity,cost
3.14,764972.875
9.42,90062.742188
15.7,28272.279297
21.98,10126.200195
25.110001,5534.779785
28.25,2329.620117
29.82,1077.300049
31.389999,0
