capacity,cost
4.11,1001275.5
12.33,117883.421875
20.549999,37005.679688
28.76,13254.209961
32.869999,7244.5
36.98,3049.25
39.040001,1410.079956
41.09,0
