capacity,cost
8.11,4104.390137
8.92,3547.139893
9.73,3012.98999
10.54,2512.090088
11.35,2046.130005
12.16,1610.300049
12.97,1189.060059
13.78,778.47998
14.59,423.649994
15.4,134.869995
16.209999,0
