capacity,cost
24.450001,12377.94043
26.889999,10697.049805
29.34,9086.620117
31.790001,7575.709961
34.23,6170.899902
36.68,4856.279785
39.119999,3585.649902
41.57,2347.780029
44.009998,1277.459961
46.459999,406.829987
48.900002,0
