capacity,cost
1.05,531.909973
1.16,457.76001
1.26,390.369995
1.37,324.799988
1.47,265.209991
1.58,206.96286
1.68,154.029999
1.79,100.790001
1.89,54.939999
2,17.5
2.1,0
