capacity,cost
2.32,1174.130005
2.55,1014.599976
2.78,861.76001
3.01,718.609985
3.25,585.280029
3.48,460.730011
3.71,340.130005
3.94,222.649994
4.17,121.239998
4.41,38.610001
4.64,0
