capacity,cost
29.65,15008.509766
32.610001,12970.330078
35.580002,11017.610352
38.540001,9185.540039
41.5,7482.359863
44.470001,5888.310059
47.43,4347.600098
50.400002,2846.810059
53.360001,1548.98999
56.330002,493.309998
59.290001,0
