capacity,cost
26.25,13287.120117
28.870001,11482.709961
31.5,9753.929688
34.119999,8132.22998
36.740002,6624.189941
39.369999,5212.959961
41.990002,3848.949951
44.619999,2520.310059
47.240002,1371.339966
49.869999,436.730011
52.490002,0
