capacity,cost
12.11,6129.259766
13.32,5296.97998
14.53,4499.600098
15.74,3751.23999
16.950001,3055.659912
18.16,2404.73999
19.370001,1775.599976
20.58,1162.47998
21.790001,632.52002
23,201.440002
24.209999,0
