capacity,cost
0.37,186.910004
0.41,158.539993
0.44,137.279999
0.48,114.024445
0.52,90.788887
0.55,73.370003
0.59,53.693233
0.63,34.036465
0.66,19.299999
0.7,6.1
0.74,0
