capacity,cost
6.44,3261.219971
7.09,2818.350098
7.73,2394.050049
8.37,1995.969971
9.02,1625.849976
9.66,1279.47998
10.31,944.710022
10.95,618.570007
11.6,336.570007
12.24,107.190002
12.88,0
