capacity,cost
3.9,1972.449951
4.29,1704.619995
4.68,1448.030029
5.07,1207.290039
5.45,983.450012
5.84,773.77002
6.23,571.320007
6.62,374.079987
7.01,203.539993
7.4,64.82
7.79,0
