capacity,cost
0,528.456238
138.696564,317.073761
208.044861,211.382492
277.393127,105.691246
346.741425,0
