capacity,cost
0,679.568726
138.696564,407.741241
208.044861,271.827484
277.393127,135.913742
346.741425,0
