capacity,cost
0,678.30481
138.696564,406.98291
208.044861,271.32193
277.393127,135.660965
346.741425,0
