capacity,cost
0,565.679565
138.696564,339.407745
208.044861,226.27182
277.393127,113.13591
346.741425,0
