capacity,cost
0,635.425232
138.696564,381.255127
208.044861,254.17009
277.393127,127.085045
346.741425,0
