capacity,cost
0,685.227234
138.696564,411.136353
208.044861,274.090912
277.393127,137.045456
346.741425,0
