capacity,cost
0,528.680664
138.696564,317.208405
208.044861,211.472275
277.393127,105.736137
346.741425,0
