capacity,cost
0,580.671997
138.696564,348.403198
208.044861,232.268799
277.393127,116.134399
346.741425,0
