capacity,cost
0,531.29895
138.696564,318.779388
208.044861,212.519592
277.393127,106.259796
346.741425,0
