capacity,cost
0,637.201965
138.696564,382.321167
208.044861,254.880768
277.393127,127.440384
346.741425,0
