capacity,cost
3.23,18573.890625
3.91,2442.01001
4.26,947.869995
4.6,304.640015
4.77,125.82
4.95,0
