capacity,cost
3.23,18573.890625
3.91,2442.01001
4.26,947.869995
4.43,563.840027
4.6,304.640015
4.69,207.190002
4.77,125.82
4.86,57.540001
4.95,0
