capacity,cost
0.68,120951.617188
2.03,14240.030273
3.38,4470.189941
4.73,1601.079956
5.41,875.119995
6.08,368.339996
6.42,170.330002
6.76,0
