capacity,cost
0.6,106907.679688
1.79,12586.589844
2.99,3951.149902
4.18,1415.170044
4.78,773.51001
5.38,325.570007
5.68,150.559998
5.97,0
