capacity,cost
0.36,65242.851562
1.09,7681.25
1.82,2411.280029
2.55,863.640015
2.92,472.049988
3.28,198.690002
3.46,91.879997
3.65,0
