capacity,cost
0.42,74514.71875
1.25,8772.860352
2.08,2753.949951
2.91,986.380005
3.33,539.130005
3.75,226.919998
3.96,104.940002
4.16,0
