capacity,cost
4.44,1493454.5
13.32,175829.234375
22.209999,55195.890625
31.09,19769.339844
35.529999,10805.540039
39.970001,4548.109863
42.189999,2103.199951
44.41,0
