capacity,cost
7.08,2381079.75
21.24,280332.25
35.400002,88001.210938
49.560001,31519.130859
56.639999,17227.75
63.73,7251.25
67.269997,3353.22998
70.809998,0
