capacity,cost
2.33,3103.330078
2.56,2550.949951
2.79,2050.820068
3.03,1596.630005
3.26,1195.650024
3.49,859.690002
3.73,573.72998
3.96,339.059998
4.19,175.929993
4.42,54.91
4.66,0
