capacity,cost
7.02,9359.05957
7.73,7693.419922
8.43,6185.189941
9.13,4815.540039
9.83,3605.629883
10.53,2592.530029
11.24,1730.26001
11.94,1022.570007
12.64,530.659973
13.34,165.699997
14.05,0
