capacity,cost
0.3,402.109985
0.33,330.440002
0.36,265.529999
0.39,206.589996
0.42,154.580002
0.45,111.559998
0.48,74.449997
0.51,43.990002
0.54,22.84
0.57,7.13
0.6,0
