capacity,cost
0.67,888.049988
0.73,729.400024
0.8,586.619995
0.87,454.783844
0.93,341.799988
1,245.910004
1.07,164.289993
1.13,96.889999
1.2,50.32
1.27,15.79
1.33,0
