capacity,cost
8.52,11347.759766
9.37,9328.519531
10.22,7499.240234
11.07,5838.839844
11.92,4372.259766
12.77,3143.540039
13.62,2098.199951
14.48,1239.920044
15.33,643.27002
16.18,200.869995
17.030001,0
