capacity,cost
3.48,4634.410156
3.83,3809.689941
4.17,3062.919922
4.52,2384.810059
4.87,1785.410034
5.22,1283.800049
5.56,856.830017
5.91,506.450012
6.26,262.910004
6.61,81.980003
6.96,0
