capacity,cost
0.11,141.330002
0.12,116.470001
0.13,93.099998
0.14,72.68
0.15,54.630001
0.16,38.959999
0.17,26.110001
0.18,15.55
0.19,7.9
0.2,2.46
0.21,0
