capacity,cost
1.85,2465.780029
2.04,2027.140015
2.22,1629.97998
2.41,1268.48999
2.59,950.059998
2.78,683.27002
2.96,455.690002
3.15,269.359985
3.33,139.800003
3.52,43.709999
3.7,0
