capacity,cost
1.12,1491.52002
1.23,1225.859985
1.34,985.309998
1.45,767.630005
1.57,574.780029
1.68,413.190002
1.79,275.690002
1.9,162.800003
2.01,84.599998
2.13,26.43
2.24,0
