capacity,cost
0,13.783999
68.919998,0
