capacity,cost
0,30.092001
150.460007,0
