capacity,cost
0,15.438001
77.190002,0
