capacity,cost
0,29.460001
147.300003,0
