capacity,cost
0,15.967999
79.839996,0
