capacity,cost
0,19.752001
98.760002,0
