capacity,cost
0,26.689999
133.449997,0
