capacity,cost
1.83,7065.299805
2.01,4115.339844
2.19,2626.560059
2.38,2139.120117
2.56,1742.400024
2.74,1391.699951
2.92,1072.97998
3.11,754.783752
3.29,453.341888
3.47,151.919998
3.66,0
