capacity,cost
0.07,269.399994
0.08,99.599998
0.09,75.919998
0.1,52.259998
0.11,34.849998
0.12,17.459999
0.13,5.46
0.14,0
