capacity,cost
0.03,119.639999
0.04,37.259998
0.05,13.56
0.06,0
