capacity,cost
0.46,1762.73999
0.5,1027.680054
0.55,656.700012
0.59,534.840027
0.64,430.630005
0.68,347.279999
0.73,263.912598
0.78,180.551147
0.82,113.879997
0.87,37.860001
0.91,0
