capacity,cost
27.200001,27642.939453
29.92,22987.710938
32.639999,18746.949219
35.360001,14810.94043
38.080002,11129.519531
40.799999,7732.259766
43.52,4762.189941
46.240002,2663.580078
48.959999,1387.339966
51.68,429.420013
54.400002,0
