capacity,cost
50.209999,51031.699219
55.240002,42436.550781
60.259998,34607.910156
65.279999,27341.939453
70.300003,20545.900391
75.32,14274.330078
80.339996,8790.620117
85.360001,4916.419922
90.389999,2561.23999
95.410004,792.799988
100.43,0
