capacity,cost
62.490002,63511.359375
68.739998,52815.070312
74.989998,43072.328125
81.239998,34028.621094
87.489998,25569.919922
93.739998,17764.960938
99.989998,10940.639648
106.239998,6118.689941
112.489998,3187.639893
118.739998,986.530029
124.989998,0
