capacity,cost
55.93,56840.480469
61.52,47267.558594
67.120003,38548.140625
72.709999,30454.240234
78.300003,22884.960938
83.889999,15898.780273
89.489998,9791.129883
95.080002,5476.240234
100.669998,2852.699951
106.269997,883.070007
111.860001,0
