capacity,cost
20.48,20816.789062
22.530001,17312.099609
24.58,14118.179688
26.629999,11153.830078
28.68,8381.230469
30.73,5822.620117
32.779999,3585.669922
34.82,2005.709961
36.869999,1044.849976
38.919998,323.410004
40.970001,0
