capacity,cost
54.32,55200.851562
59.75,45905.328125
65.18,37436.140625
70.610001,29575.630859
76.040001,22224.710938
81.480003,15440.040039
86.910004,9509.360352
92.339996,5318.27002
97.769997,2770.379883
103.199997,857.559998
108.629997,0
