capacity,cost
0.21,213.669998
0.23,178.309998
0.25,144.860001
0.27,114.900002
0.29,85.900002
0.32,56.327999
0.34,36.630001
0.36,20.74
0.38,10.65
0.4,3.42
0.42,0
