capacity,cost
10.73,10906.389648
11.8,9069.05957
12.88,7396.529785
13.95,5843.040039
15.02,4391.100098
16.1,3050.25
17.17,1878.890015
18.24,1050.569946
19.32,547.419983
20.389999,169.330002
21.459999,0
