capacity,cost
13.94,14168.320312
15.34,11782.94043
16.73,9608.610352
18.120001,7591.77002
19.52,5704.299805
20.91,3963.429932
22.309999,2440.689941
23.700001,1365.319946
25.1,711.190002
26.49,220.029999
27.879999,0
