capacity,cost
40.150002,39346.46875
44.169998,32265.320312
48.18,25772.689453
52.200001,19958.640625
56.209999,15133.910156
60.23,11415.040039
64.239998,8268.160156
68.260002,5378.609863
72.279999,2905.23999
76.290001,898.849976
80.309998,0
