capacity,cost
6.39,6261.819824
7.03,5135.22998
7.67,4101.709961
8.31,3176.709961
8.95,2408.689941
9.59,1816.640015
10.22,1316.030029
10.86,856.02002
11.5,462.290009
12.14,143.080002
12.78,0
