capacity,cost
49.389999,48397.140625
54.330002,39686.621094
59.27,31700.890625
64.209999,24549.640625
69.139999,18615.369141
74.080002,14040.790039
79.019997,10170.209961
83.959999,6615.790039
88.900002,3573.610107
93.839996,1105.560059
98.779999,0
