capacity,cost
48.82,47840.101562
53.700001,39230.28125
58.580002,31336.189453
63.470001,24267
68.349998,18400.839844
73.230003,13879.150391
78.110001,10052.990234
82.989998,6539.660156
87.879997,3532.399902
92.760002,1092.869995
97.639999,0
