capacity,cost
18.549999,18173.480469
20.4,14902.709961
22.26,11904.099609
24.110001,9218.599609
25.959999,6990.310059
27.82,5272.569824
29.67,3819.179932
31.530001,2484.209961
33.380001,1341.880005
35.240002,415.130005
37.09,0
