capacity,cost
29.84,29242.759766
32.830002,23979.619141
35.810001,19154.410156
38.790001,14833.05957
41.779999,11247.919922
44.759998,8483.839844
47.75,6145.129883
50.73,3997.449951
53.720001,2159.280029
56.700001,668.01001
59.68,0
