capacity,cost
3.32,3257.47998
3.66,2671.26001
3.99,2133.830078
4.32,1652.51001
4.65,1253.140015
4.99,945.27002
5.32,684.450012
5.65,445.23999
5.98,240.5
6.32,74.400002
6.65,0
