capacity,cost
8.87,8694.05957
9.76,7129.319824
10.65,5694.779785
11.53,4410.040039
12.42,3344.02002
13.31,2522.25
14.2,1826.949951
15.08,1188.439941
15.97,641.950012
16.860001,198.600006
17.74,0
