capacity,cost
3.42,3351.73999
3.76,2748.23999
4.1,2195.649902
4.45,1700.140015
4.79,1288.98999
5.13,972.440002
5.47,704.27002
5.81,458.01001
6.16,247.5
6.5,76.5
6.84,0
