capacity,cost
3.33,930.900024
3.67,796.189087
4,665.460022
4.33,535.039978
4.67,407
5,283.25
5.33,173.309998
5.67,93.629997
6,45.580002
6.33,14.03
6.67,0
