capacity,cost
0.77,213.990005
0.84,183.330002
0.92,152.097321
1,120.867416
1.07,93.559998
1.15,65.120003
1.23,39.93
1.3,21.610001
1.38,10.57
1.46,3.22
1.53,0
