capacity,cost
95.199997,26580.130859
104.720001,22770.150391
114.239998,18998.580078
123.760002,15273.139648
133.279999,11615.80957
142.800003,8081.22998
152.320007,4950.189941
161.839996,2674.300049
171.360001,1301.949951
180.880005,400.73999
190.399994,0
