capacity,cost
27.309999,7626
30.049999,6532.649902
32.779999,5450.620117
35.509998,4381.919922
38.240002,3332.77002
40.970001,2318.350098
43.700001,1420.160034
46.43,767.299988
49.16,373.579987
51.900002,114.949997
54.630001,0
