elevation,area,capacity
0,1.81842,81.541
21.585365,1.92951,89.036011
43.170731,2.07405,99.044594
64.756096,2.22624,109.790421
77.707314,2.32442,116.616249
90.658539,2.42567,123.741089
107.926826,2.42077,128.289627
125.195122,2.54283,138.216309
138.146347,2.63986,145.989105
177,2.51141,155.418427
