capacity,cost
0,913.321045
69.546944,547.992615
104.320419,365.3284
139.093887,182.6642
173.867371,0
