capacity,cost
0,1174.485962
69.546944,704.691528
104.320419,469.794373
139.093887,234.897186
173.867371,0
