capacity,cost
0,1172.301514
69.546944,703.38092
104.320419,468.920624
139.093887,234.460312
173.867371,0
