capacity,cost
0,977.653381
69.546944,586.592041
104.320419,391.061371
139.093887,195.530685
173.867371,0
