capacity,cost
0,1098.193481
69.546944,658.916138
104.320419,439.277405
139.093887,219.638702
173.867371,0
