capacity,cost
0,1184.265503
69.546944,710.559265
104.320419,473.706177
139.093887,236.853088
173.867371,0
