capacity,cost
0,913.708923
69.546944,548.225342
104.320419,365.483551
139.093887,182.741776
173.867371,0
