capacity,cost
0,1003.564514
69.546944,602.138733
104.320419,401.425812
139.093887,200.712906
173.867371,0
