capacity,cost
0,918.23407
69.546944,550.94043
104.320419,367.29364
139.093887,183.64682
173.867371,0
