capacity,cost
0,1104.367188
69.546944,662.6203
104.320419,441.746857
139.093887,220.873428
173.867371,0
