capacity,cost
0,1125.728516
69.546944,675.437134
104.320419,450.291412
139.093887,225.145706
173.867371,0
