capacity,cost
0,1101.26416
69.546944,660.758484
104.320419,440.505676
139.093887,220.252838
173.867371,0
