capacity,cost
115,1088.5625
268.71109,807.25824
507.089478,547.754028
853,300.217621
