capacity,cost
115,1557.457886
301.094299,1142.350342
588.985596,778.35321
1026,423.775269
