capacity,cost
115,1208.519653
242.286819,896.497559
429.934998,605.860291
678,341.881805
