capacity,cost
115,1009.151123
233.716309,762.426575
415.042206,520.71106
678,284.088257
