capacity,cost
115,1130.612793
248.70192,828.478577
432.141357,565.359619
678,320.270569
