capacity,cost
115,1570.427368
302.618561,1148.432983
599.507812,774.338745
1026,428.230103
