capacity,cost
115,1211.64563
302.616943,886.066101
599.514771,597.431396
1026,330.397308
