capacity,cost
115,1094.279175
254.279327,808.474182
456.342041,551.235168
739,306.904724
