capacity,cost
115,1181.981201
280.651764,881.647034
556.746643,595.044373
971,321.834137
