capacity,cost
115,1138.487183
241.214554,847.026001
423.598419,578.301331
678,321.508209
