capacity,cost
115,1161.990234
234.800339,875.312927
421.373932,591.772766
678,327.726776
