capacity,cost
115,1310.41394
279.802917,953.84845
527.231567,640.309631
853,363.379028
