capacity,cost
3.37,26451.679688
4.36,3477.75
4.85,1349.890015
5.35,433.850006
5.59,179.179993
5.84,0
