capacity,cost
0.88,492350.6875
2.63,57966.050781
4.39,18196.560547
6.15,6517.410156
7.03,3562.290039
7.9,1499.390015
8.34,693.369995
8.78,0
