capacity,cost
2.15,1203606.75
6.44,141704.53125
10.74,44483.539062
15.03,15932.540039
17.18,8708.419922
19.32,3665.419922
20.4,1695.02002
21.469999,0
