capacity,cost
2.38,1332799.75
7.13,156914.84375
11.89,49258.328125
16.639999,17642.710938
19.02,9643.160156
21.4,4058.860107
22.59,1876.959961
23.780001,0
