capacity,cost
2.11,1181338.375
6.32,139082.796875
10.54,43660.539062
14.75,15637.759766
16.860001,8547.299805
18.969999,3597.600098
20.02,1663.660034
21.07,0
