capacity,cost
1.48,828670.25
4.43,97562.039062
7.39,30626.439453
10.35,10969.379883
11.83,5995.649902
13.3,2523.600098
14.04,1167
14.78,0
