capacity,cost
0.93,518819.25
2.78,61082.28125
4.63,19174.800781
6.48,6867.779785
7.4,3753.800049
8.33,1579.98999
8.79,730.640015
9.26,0
