capacity,cost
1.59,893263.1875
4.78,105166.78125
7.97,33013.699219
11.15,11824.419922
12.75,6463
14.34,2720.310059
15.14,1257.969971
15.93,0
