elevation,area,capacity
1200,0,0
1250,0.25,10
1300,0.6,25
1350,0.9,65
1379,1.162,94.874001
1415,1.435,141.634003
1450,1.699,196.412994
1485,2.874,260.661987
1515,2.235,323.701996
1530,2.9,363.25
