capacity,cost
5.08,33594.789062
6.58,4416.890137
7.33,1714.420044
7.7,1019.820007
8.08,551
8.26,374.75
8.45,227.559998
8.64,104.080002
8.82,0
