capacity,cost
5.08,33594.789062
6.58,4416.890137
7.33,1714.420044
8.08,551
8.45,227.559998
8.82,0
