capacity,cost
0,99.926003
499.630005,0
