capacity,cost
0,36.765999
183.830002,0
