capacity,cost
0,66.281998
331.410004,0
