capacity,cost
0,36.672001
183.360001,0
