capacity,cost
0,112.734001
563.669983,0
