capacity,cost
0,106.818001
534.090027,0
