capacity,cost
0,72.874001
364.369995,0
