capacity,cost
0,97.075996
485.380005,0
