capacity,cost
0,37.026001
185.130005,0
