capacity,cost
0,48.273998
241.369995,0
