capacity,cost
0,73.452003
367.26001,0
