capacity,cost
28.190001,7683.259766
31.01,6382.189941
33.830002,5138.040039
36.650002,3984.27002
39.470001,2933.689941
42.290001,2046.48999
45.110001,1369.329956
47.93,858.880005
50.75,457.570007
53.560001,139.259995
56.380001,0
