capacity,cost
79.540001,21678.070312
87.5,18007.240234
95.449997,14496.679688
103.410004,11241.459961
111.360001,8277.360352
119.309998,5774.209961
127.269997,3863.52002
135.220001,2423.340088
143.179993,1291.069946
151.130005,393
159.089996,0
