capacity,cost
0.07,18.940001
0.08,12.74
0.09,9.592031
0.1,6.464063
0.11,3.34
0.12,1.83
0.13,0.34
0.14,0
