capacity,cost
0.35,94.459999
0.38,78.610001
0.42,61.737144
0.45,49.099998
0.49,35.450001
0.52,25.23
0.56,16.82
0.59,10.59
0.62,5.61
0.66,1.73
0.69,0
