capacity,cost
0.11,31.15
0.13,23.379219
0.14,19.496817
0.15,15.634414
0.16,11.78
0.17,8.32
0.18,5.52
0.19,3.52
0.21,1.523333
0.22,0.54
0.23,0
