capacity,cost
114.989998,31336.869141
126.480003,26030.509766
137.979996,20955.970703
149.479996,16250.379883
160.979996,11965.379883
172.479996,8346.959961
183.979996,5585.040039
195.470001,3503.189941
206.970001,1866.349976
218.470001,568.130005
229.970001,0
