capacity,cost
102.730003,27998.130859
113.010002,23257.039062
123.279999,18723.320312
133.550003,14519
143.830002,10690.679688
154.100006,7457.709961
164.369995,4989.97998
174.649994,3129.889893
184.919998,1667.51001
195.190002,507.589996
205.470001,0
