capacity,cost
3.05,831.75
3.36,690.669983
3.66,556.070007
3.97,431.25
4.27,317.589996
4.58,221.610001
4.88,148.179993
5.19,92.959999
5.49,49.540001
5.8,15.11
6.1,0
