capacity,cost
1.12,304.609985
1.23,252.940002
1.34,203.529999
1.45,157.979996
1.56,116.260002
1.68,81.019997
1.79,54.290001
1.9,34.02
2.01,18.18
2.12,5.53
2.23,0
