capacity,cost
8.5,2316.179932
9.35,1924.02002
10.2,1549.02002
11.05,1201.25
11.9,884.340027
12.75,616.929993
13.6,412.820007
14.45,258.970001
15.3,138.009995
16.15,41.990002
17,0
