capacity,cost
0.33,75452
0.98,8883.209961
1.63,2788.600098
2.28,998.780029
2.6,545.919983
2.93,229.779999
3.09,106.260002
3.25,0
