capacity,cost
0.74,172623.09375
2.23,20323.480469
3.72,6379.899902
5.21,2285.070068
5.95,1248.969971
6.7,525.700012
7.07,243.100006
7.44,0
