capacity,cost
0.78,180610.234375
2.34,21263.830078
3.89,6675.089844
5.45,2390.800049
6.23,1306.76001
7.01,550.02002
7.4,254.350006
7.78,0
