capacity,cost
0.67,154682.34375
2,18211.25
3.33,5716.830078
4.67,2047.579956
5.33,1119.170044
6,471.059998
6.33,217.839996
6.67,0
