capacity,cost
0.52,121751.992188
1.57,14334.259766
2.62,4499.779785
3.67,1611.670044
4.2,880.909973
4.72,370.779999
4.99,171.460007
5.25,0
