capacity,cost
0.2,47078.300781
0.61,5542.680176
1.01,1739.939941
1.42,623.190002
1.62,340.619995
1.72,233.720001
1.83,143.369995
1.88,103.349998
1.93,66.300003
1.98,31.940001
2.03,0
