capacity,cost
0.36,84111.953125
1.09,9902.769531
1.81,3108.649902
2.54,1113.420044
2.9,608.570007
3.26,256.149994
3.44,118.449997
3.63,0
