capacity,cost
0.58,135375.765625
1.75,15938.230469
2.92,5003.290039
4.08,1792.01001
4.67,979.47998
5.25,412.269989
5.54,190.649994
5.83,0
