capacity,cost
53.709999,23562.529297
59.080002,19802.910156
64.449997,16301.490234
69.82,13065.5
75.190002,10078.240234
80.559998,7264.279785
85.93,4741.970215
91.309998,2832.459961
96.68,1512.880005
102.050003,473.920013
107.419998,0
