capacity,cost
151.449997,66444.101562
166.600006,55842.070312
181.740005,45968.71875
196.889999,36843.328125
212.029999,28419.330078
227.179993,20484.019531
242.320007,13371.19043
257.470001,7987.310059
272.609985,4266.129883
287.76001,1336.430054
302.899994,0
