capacity,cost
4.53,1987.680054
4.98,1671.01001
5.44,1375.530029
5.89,1102.430054
6.34,850.330017
6.8,612.849976
7.25,399.98999
7.7,238.869995
8.16,127.510002
8.61,40
9.06,0
