capacity,cost
8.13,3566.110107
8.94,2997.090088
9.75,2467.139893
10.57,1977.369995
11.38,1525.23999
12.19,1099.339966
13.01,717.590027
13.82,428.619995
14.63,228.899994
15.44,71.650002
16.26,0
