capacity,cost
183.509995,80508.8125
201.860001,67662.523438
220.210007,55699.039062
238.559998,44641.96875
256.920013,34434.761719
275.269989,24820.150391
293.619995,16201.660156
311.970001,9678.099609
330.320007,5169.22998
348.670013,1619.339966
367.019989,0
