capacity,cost
166.779999,73167.648438
183.460007,61493.101562
200.130005,50620.320312
216.809998,40571.269531
233.490005,31295.080078
250.169998,22557.019531
266.850006,14724.230469
283.519989,8795.709961
300.200012,4697.879883
316.880005,1471.630005
333.559998,0
