capacity,cost
72.32,31727.890625
79.550003,26665.439453
86.779999,21950.669922
94.019997,17593.330078
101.25,13570.400391
108.480003,9781.30957
115.709999,6384.950195
122.940002,3814.169922
130.179993,2037.319946
137.410004,638.150024
144.639999,0
