capacity,cost
115.300003,50582.328125
126.830002,42511.808594
138.360001,34995
149.889999,28048.019531
161.419998,21635
172.949997,15594
184.479996,10179.129883
196.009995,6080.490234
207.539993,3247.850098
219.070007,1017.400024
230.589996,0
