capacity,cost
4.38,1921.890015
4.82,1615.640015
5.26,1329.839966
5.7,1065.709961
6.13,822.369995
6.57,592.690002
7.01,386.809998
7.45,230.979996
7.89,123.489998
8.32,38.68
8.76,0
