capacity,cost
24.92,10934.290039
27.42,9189.839844
29.91,7564.629883
32.400002,6063.149902
34.889999,4676.589844
37.389999,3370.919922
39.880001,2200.580078
42.369999,1314.420044
44.860001,702.140015
47.349998,219.899994
49.849998,0
