capacity,cost
88.779999,931138
108.800003,122421.757812
118.809998,47518.199219
123.82,28265.980469
128.830002,15271.980469
131.330002,10386.719727
133.830002,6307.319824
136.330002,2884.639893
138.839996,0
