capacity,cost
88.779999,931138
108.800003,122421.757812
118.809998,47518.199219
128.830002,15271.980469
133.830002,6307.319824
138.839996,0
