capacity,cost
5.19,6895.080078
5.71,5683.339844
6.22,4572.859863
6.74,3533.860107
7.26,2579.949951
7.78,1729.099976
8.3,1013.97998
8.82,546.849976
9.34,286.140015
9.85,88.730003
10.37,0
