capacity,cost
15.64,20792.320312
17.209999,17140.289062
18.77,13792.320312
20.34,10656.150391
21.9,7781.279785
23.459999,5212.97998
25.030001,3057.889893
26.59,1649.380005
28.16,862.48999
29.719999,267.51001
31.280001,0
