capacity,cost
0.67,893.960022
0.74,736.440002
0.81,586.468445
0.87,457.940002
0.94,333.910004
1.01,224.100006
1.08,131.130005
1.14,70.940002
1.21,36.959999
1.28,11.52
1.34,0
