capacity,cost
1.48,1971.469971
1.63,1625.680054
1.78,1307.469971
1.93,1010.640015
2.08,738.409973
2.23,494.299988
2.37,290.200012
2.52,156.389999
2.67,81.870003
2.82,25.32
2.97,0
