capacity,cost
18.969999,25211.599609
20.860001,20782.890625
22.76,16723.080078
24.66,12921.410156
26.549999,9435.080078
28.450001,6320.830078
30.35,3707.379883
32.240002,2000.02002
34.139999,1045.75
36.040001,324.299988
37.93,0
