capacity,cost
16.790001,22319.830078
18.469999,18398.679688
20.15,14805.349609
21.83,11439.400391
23.51,8352.610352
25.190001,5596.149902
26.870001,3282.169922
28.549999,1770.47998
30.219999,925.909973
31.9,287.100006
33.580002,0
