capacity,cost
7.75,10295.540039
8.52,8486.969727
9.29,6829.580078
10.07,5277.109863
10.84,3853.379883
11.62,2581.97998
12.39,1513.900024
13.17,816.630005
13.94,427.070007
14.72,132.440002
15.49,0
