capacity,cost
12.93,17185.320312
14.22,14166.419922
15.51,11399.80957
16.809999,8808.339844
18.1,6431.77002
19.389999,4308.569824
20.690001,2526.97998
21.98,1363.119995
23.27,712.849976
24.559999,221.059998
25.860001,0
