capacity,cost
0.24,314.570007
0.26,258.790009
0.28,207.679993
0.31,152.438644
0.33,115.627739
0.35,78.82
0.38,45.919998
0.4,24.959999
0.43,12.41
0.45,4.06
0.47,0
