capacity,cost
4.12,5478.100098
4.53,4515.950195
4.95,3634.22998
5.36,2808.290039
5.77,2049.76001
6.18,1373.390015
6.59,805.580017
7.01,434.649994
7.42,227.449997
7.83,70.459999
8.24,0
