capacity,cost
2.49,3313.280029
2.74,2731.800049
2.99,2197.669922
3.24,1698.530029
3.49,1239.699951
3.74,830.900024
3.99,486.959991
4.24,262.799988
4.49,137.520004
4.74,42.580002
4.99,0
