capacity,cost
12.51,7563.97998
13.76,5322.160156
15.02,3372.76001
16.27,1992.290039
17.52,1288.73999
18.77,860.859985
20.02,469.130005
21.27,198.25
22.52,77
23.77,23.719999
25.030001,0
