capacity,cost
0.1,62.700001
0.11,44.240002
0.13,25.950001
0.14,16.82
0.15,10.64
0.16,7.12
0.17,3.89
0.18,1.66
0.19,0.67
0.2,0.19
0.21,0
