capacity,cost
30.84,18639.570312
33.919998,13116.219727
37,8310.709961
40.09,4909.529785
43.169998,3176.149902
46.25,2121.149902
49.34,1155.98999
52.419998,488.609985
55.5,189.710007
58.59,58.43
61.669998,0
