capacity,cost
25.18,15219.219727
27.690001,10709.730469
30.209999,6785.25
32.73,4008.389893
35.25,2593.189941
37.77,1732.040039
40.279999,943.820007
42.799999,398.940002
45.32,154.919998
47.84,47.709999
50.349998,0
