capacity,cost
1.67,1007.140015
1.83,708.150024
2,449.089996
2.17,264.970001
2.33,171.529999
2.5,114.43
2.66,62.400002
2.83,26.42
3,10.24
3.16,3.16
3.33,0
