capacity,cost
21.549999,13024.299805
23.700001,9165.700195
25.860001,5807.52002
28.01,3430.719971
30.17,2219.399902
32.32,1482.300049
34.48,807.830017
36.630001,341.440002
38.790001,132.580002
40.939999,40.84
43.099998,0
