capacity,cost
0.62,376.570007
0.69,264.393066
0.75,168.259995
0.81,99.309998
0.87,64.160004
0.94,42.223846
1,23.440001
1.06,9.91
1.12,3.85
1.18,1.18
1.25,0
