capacity,cost
0.48,141719.890625
1.45,16685.140625
2.42,5237.759766
3.38,1875.98999
3.87,1025.380005
4.35,431.589996
4.59,199.580002
4.83,0
