capacity,cost
1.22,356672.53125
3.65,41992.210938
6.08,13182.089844
8.51,4721.390137
9.73,2580.620117
10.94,1086.199951
11.55,502.299988
12.16,0
