capacity,cost
1.32,387103.375
3.96,45574.941406
6.6,14306.769531
9.24,5124.209961
10.56,2800.800049
11.88,1178.869995
12.54,545.150024
13.2,0
