capacity,cost
1.15,336541.8125
3.44,39622.160156
5.74,12438.089844
8.03,4454.910156
9.18,2434.969971
10.33,1024.890015
10.9,473.950012
11.47,0
