capacity,cost
0.84,247508.484375
2.53,29139.980469
4.22,9147.549805
5.91,3276.350098
6.75,1790.790039
7.59,753.75
8.02,348.559998
8.44,0
