capacity,cost
0.52,152641.65625
1.56,17971
2.6,5641.410156
3.64,2020.569946
4.16,1104.400024
4.68,464.850006
4.94,214.960007
5.2,0
