capacity,cost
0.93,272329.75
2.79,32062.259766
4.64,10064.910156
6.5,3604.919922
7.43,1970.380005
8.36,829.340027
8.82,383.519989
9.28,0
