capacity,cost
0,277.587799
12,166.552689
18,111.035118
24,55.517559
30,0
