capacity,cost
0,356.964264
12,214.178558
18,142.785706
24,71.392853
30,0
