capacity,cost
0,356.300354
12,213.780212
18,142.520142
24,71.260071
30,0
