capacity,cost
0,297.140503
12,178.284302
18,118.856194
24,59.428097
30,0
