capacity,cost
0,333.77652
12,200.265915
18,133.51062
24,66.75531
30,0
