capacity,cost
0,359.936584
12,215.961945
18,143.974625
24,71.987312
30,0
