capacity,cost
0,277.705688
12,166.623413
18,111.082275
24,55.541138
30,0
