capacity,cost
0,305.015717
12,183.00943
18,122.006287
24,61.003143
30,0
