capacity,cost
0,279.081024
12,167.448624
18,111.632416
24,55.816208
30,0
