capacity,cost
0,335.652893
12,201.391739
18,134.261154
24,67.130577
30,0
