capacity,cost
0,342.145294
12,205.287186
18,136.858124
24,68.429062
30,0
