capacity,cost
0,334.709808
12,200.825882
18,133.883926
24,66.941963
30,0
