capacity,cost
1.15,218532.984375
3.45,25728.599609
5.75,8076.660156
8.05,2892.790039
9.19,1581.140015
10.34,665.51001
10.92,307.76001
11.49,0
