capacity,cost
1.7,323147.5625
5.1,38045.210938
8.5,11943.05957
11.9,4277.609863
13.6,2338.060059
15.3,984.099976
16.139999,455.079987
16.99,0
