capacity,cost
1.76,334712.6875
5.28,39406.808594
8.8,12370.490234
12.32,4430.700195
14.08,2421.73999
15.84,1019.320007
16.719999,471.369995
17.6,0
