capacity,cost
1.63,310118.40625
4.89,36511.25
8.15,11461.519531
11.42,4105.140137
13.05,2243.790039
14.68,944.419983
15.49,436.730011
16.309999,0
