capacity,cost
1.41,267949.3125
4.23,31546.539062
7.05,9903.009766
9.86,3546.929932
11.27,1938.689941
12.68,816
13.39,377.350006
14.09,0
