capacity,cost
1.27,242101.296875
3.82,28503.369141
6.37,8947.709961
8.91,3204.77002
10.19,1751.670044
11.46,737.289978
12.1,340.950012
12.73,0
