capacity,cost
1.56,296990.28125
4.69,34965.628906
7.81,10976.330078
10.93,3931.360107
12.5,2148.800049
14.06,904.440002
14.84,418.25
15.62,0
