capacity,cost
1.66,13437.099609
2.17,1766.650024
2.42,685.72998
2.67,220.389999
2.8,91.019997
2.92,0
