capacity,cost
5.31,1293744.375
15.93,152316.734375
26.549999,47814.898438
37.169998,17125.720703
42.48,9360.589844
47.779999,3939.919922
50.439999,1821.959961
53.09,0
