capacity,cost
4.8,1169464.75
14.4,137684.875
24,43221.699219
33.599998,15480.589844
38.389999,8461.389648
43.189999,3561.439941
45.59,1646.930054
47.990002,0
