capacity,cost
3.47,845273.25
10.41,99516.757812
17.34,31240.060547
24.280001,11189.160156
27.75,6115.779785
31.219999,2574.159912
32.950001,1190.380005
34.689999,0
