capacity,cost
2.14,3298.300049
2.36,2769.752686
2.57,2265.25
2.79,1783.619995
3,1363.030029
3.21,1011.080017
3.43,705.849976
3.64,446.850006
3.86,236.649994
4.07,71.949997
4.29,0
