capacity,cost
0.19,291.019989
0.21,242.302567
0.23,193.587143
0.25,144.891708
0.26,120.550003
0.28,89.349998
0.3,62.279999
0.32,39.599998
0.34,20.98
0.36,6.38
0.38,0
