capacity,cost
0.31,472.480011
0.34,397.079987
0.37,324.200012
0.4,255.179993
0.43,195.300003
0.46,144.770004
0.49,100.970001
0.52,64.099998
0.55,33.970001
0.58,10.32
0.61,0
