capacity,cost
6.16,9484.599609
6.78,7973.669922
7.39,6513.27002
8.01,5129.549805
8.63,3919.800049
9.24,2907.449951
9.86,2029.550049
10.48,1284.599976
11.09,680.669983
11.71,206.929993
12.32,0
