capacity,cost
1.11,1713.400024
1.22,1440.619995
1.34,1172.436035
1.45,926.619995
1.56,708.219971
1.67,525.469971
1.78,366.619995
1.89,232.149994
2,122.879997
2.12,37.349998
2.23,0
