capacity,cost
0,689.431885
321.695038,465.793884
482.542542,363.708374
643.390076,265.221649
804.237549,170.13797
965.085083,79.999054
1125.932617,0
