capacity,cost
0,886.058655
332.033325,615.848633
498.049988,482.012482
664.06665,348.666962
830.083313,216.016968
996.099976,101.446045
1162.116577,0
