capacity,cost
0,892.02478
332.033325,633.386475
498.049988,504.790527
664.06665,376.900696
830.083313,249.792633
996.099976,124.138985
1162.116577,0
