capacity,cost
0,740.274841
299.901306,504.734955
449.851959,396.755371
599.802612,291.984497
749.753235,190.239563
899.703918,92.186867
1049.654541,0
