capacity,cost
0,830.452759
332.033325,570.028931
498.049988,446.749908
664.06665,327.09198
830.083313,211.269211
996.099976,100.698921
1162.116577,0
