capacity,cost
0,892.980774
332.033325,615.694214
498.049988,480.902771
664.06665,347.770538
830.083313,217.427185
996.099976,101.709038
1162.116577,0
