capacity,cost
0,691.800659
321.695038,476.055511
482.542542,374.367706
643.390076,275.308929
804.237549,178.96405
965.085083,86.303741
1125.932617,0
