capacity,cost
0,752.531067
332.033325,458.583344
498.049988,346.387756
664.06665,245.916061
830.083313,155.609329
996.099976,72.429077
1162.116577,0
