capacity,cost
0,693.818665
332.033325,470.493866
498.049988,367.246826
664.06665,267.748962
830.083313,172.373047
996.099976,82.074295
1162.116577,0
