capacity,cost
0,840.27948
321.695038,590.727661
482.542542,471.636261
643.390076,352.956207
804.237549,234.651718
965.085083,116.852432
1125.932617,0
