capacity,cost
0,856.539124
332.033325,601.74176
498.049988,480.064484
664.06665,358.974884
830.083313,238.525757
996.099976,118.788467
1162.116577,0
