capacity,cost
0,838.324951
321.695038,595.75177
482.542542,475.612915
643.390076,355.848328
804.237549,236.450699
965.085083,117.636192
1125.932617,0
