capacity,cost
0.05,102.220001
0.06,44.049999
0.07,27.17
0.08,11.66
0.09,0
