capacity,cost
0.07,288.880005
0.08,166.369995
0.09,107.790001
0.1,71.010002
0.11,53.650146
0.12,36.310291
0.13,18.98
0.14,6.31
0.15,0
