capacity,cost
1.09,4211.450195
1.2,2451.139893
1.31,1565.98999
1.42,1275.23999
1.53,1038.52002
1.63,830
1.74,639.200012
1.85,455.339996
1.96,272.440002
2.07,90.309998
2.18,0
