capacity,cost
3.59,1910121.875
10.78,224884.84375
17.969999,70595.3125
25.15,25284.910156
28.75,13820.240234
32.34,5817.009766
34.139999,2689.98999
35.93,0
