capacity,cost
6.53,3472362
19.6,408812.4375
32.66,128333.40625
45.73,45964.789062
52.259998,25123.470703
58.790001,10574.599609
62.060001,4890.060059
65.32,0
