capacity,cost
6.59,3503968.5
19.780001,412533.59375
32.959999,129501.539062
46.139999,46383.179688
52.740002,25352.150391
59.330002,10670.849609
62.619999,4934.569824
65.919998,0
