capacity,cost
5.8,3081601.75
17.389999,362806.96875
28.99,113891.476562
40.580002,40792.171875
46.380001,22296.210938
52.18,9384.589844
55.07,4339.759766
57.970001,0
