capacity,cost
2.44,1294405.75
7.31,152394.578125
12.18,47839.339844
17.049999,17134.470703
19.48,9365.370117
20.700001,6425.990234
21.92,3941.929932
22.52,2841.51001
23.129999,1822.890015
23.74,878.059998
24.35,0
