capacity,cost
5.08,2698901.5
15.23,317750.4375
25.389999,99747.453125
35.540001,35726.238281
40.619999,19527.279297
45.700001,8219.129883
48.240002,3800.810059
50.77,0
