capacity,cost
4.56,2421283.5
13.67,285065.5625
22.780001,89487.09375
31.889999,32051.320312
36.439999,17518.630859
41,7373.680176
43.27,3409.850098
45.549999,0
