capacity,cost
5.49,2918123.25
16.469999,343560.125
27.450001,107849.5625
38.43,38628.148438
43.919998,21113.400391
49.41,8886.740234
52.150002,4109.540039
54.900002,0
