capacity,cost
0.48,158405.078125
1.44,18649.539062
2.4,5854.419922
3.36,2096.860107
3.84,1146.099976
4.32,482.399994
4.56,223.080002
4.8,0
