capacity,cost
1.08,357666.84375
3.25,42109.28125
5.42,13218.839844
7.59,4734.549805
8.68,2587.820068
9.76,1089.219971
10.3,503.700012
10.84,0
