capacity,cost
1.13,374045.5
3.4,44037.589844
5.67,13824.169922
7.94,4951.359863
9.07,2706.320068
10.21,1139.099976
10.77,526.76001
11.34,0
