capacity,cost
0.97,320877.0625
2.92,37777.898438
4.86,11859.150391
6.81,4247.549805
7.78,2321.629883
8.76,977.190002
9.24,451.880005
9.73,0
