capacity,cost
0.77,253349.15625
2.3,29827.619141
3.84,9363.410156
5.38,3353.669922
6.15,1833.050049
6.91,771.539978
7.3,356.790009
7.68,0
