capacity,cost
0.3,100221.1875
0.91,11799.370117
1.52,3704.030029
2.13,1326.660034
2.43,725.130005
2.58,497.540009
2.73,305.209991
2.81,220.009995
2.89,141.139999
2.96,67.989998
3.04,0
