capacity,cost
0.53,176163.421875
1.6,20740.289062
2.67,6510.740234
3.74,2331.929932
4.27,1274.589966
4.81,536.47998
5.07,248.089996
5.34,0
