capacity,cost
0.85,281286.40625
2.56,33116.761719
4.26,10395.929688
5.97,3723.47998
6.82,2035.180054
7.68,856.619995
8.1,396.130005
8.53,0
