capacity,cost
0,2113.591309
184.452759,0
