capacity,cost
0,2891.70874
190.601181,0
