capacity,cost
0,2512.244629
190.601181,0
