capacity,cost
0,2095.11377
172.155914,0
