capacity,cost
0,2353.430908
190.601181,0
