capacity,cost
0,2915.790039
190.601181,0
