capacity,cost
0,2249.648926
184.452759,0
