capacity,cost
0,2213.460693
190.601181,0
