capacity,cost
0,2219.31665
190.601181,0
