capacity,cost
0,2366.660889
184.452759,0
