capacity,cost
0,2412.439453
190.601181,0
