capacity,cost
0,2548.523682
184.452759,0
