capacity,cost
5,7697.580078
5.5,6471.080078
6,5286.149902
6.5,4162.899902
7,3181.379883
7.5,2359.570068
8,1647.280029
8.5,1042.550049
9,552.549988
9.5,167.979996
10,0
