capacity,cost
2.26,3475.050049
2.48,2921.550049
2.71,2386.550049
2.93,1879.099976
3.16,1435.949951
3.39,1065.069946
3.61,743.469971
3.84,470.600006
4.06,249.350006
4.29,75.800003
4.52,0
