capacity,cost
0.09,135.770004
0.1,104.565002
0.11,73.379997
0.12,56.200001
0.13,41.830002
0.14,29
0.15,18.42
0.16,9.85
0.17,2.95
0.18,0
