elevation,area,capacity
185,0,0
200,0.014,0
220,0.113,9.410227
240,0.266,14.7875
280,0.766,29.575001
320,4.168,120.623001
360,10.19,404.553986
400,15.128,911.202026
440,19.290001,1602.300049
