capacity,cost
28.950001,14574.599609
31.85,11547.049805
34.740002,8897.790039
37.639999,6691.029785
40.529999,4938.080078
43.43,3458.669922
46.32,2129.199951
49.220001,1193.670044
52.110001,636.159973
55.009998,196.259995
57.900002,0
