capacity,cost
1.24,621.570007
1.36,492.730011
1.48,379.570007
1.61,285.320007
1.73,210.720001
1.85,147.570007
1.98,90.739998
2.1,50.959999
2.22,27.139999
2.35,8.37
2.47,0
