capacity,cost
2.24,1126.02002
2.46,892.070007
2.68,687.400024
2.91,516.909973
3.13,381.480011
3.36,267.230011
3.58,164.479996
3.8,92.199997
4.03,49.150002
4.25,15.18
4.47,0
