capacity,cost
1.88,945.440002
2.07,749.090027
2.25,577.23999
2.44,434.170013
2.63,320.470001
2.82,224.309998
3.01,138.070007
3.19,77.419998
3.38,41.23
3.57,12.73
3.76,0
