capacity,cost
34.57,17402.929688
38.029999,13787.769531
41.48,10624.290039
44.939999,7989.629883
48.400002,5896.160156
51.860001,4129.879883
55.310001,2542.419922
58.77,1425.209961
62.23,759.640015
65.68,234.360001
69.139999,0
