capacity,cost
33.720001,16975.439453
37.09,13449.169922
40.470001,10363.05957
43.84,7793.189941
47.209999,5751.5
50.580002,4028.409912
53.950001,2479.949951
57.330002,1390.25
60.700001,740.950012
64.07,228.589996
67.440002,0
