capacity,cost
8.2,4130.609863
9.03,3272.459961
9.85,2521.5
10.67,1896.119995
11.49,1399.530029
12.31,980.219971
13.13,603.429993
13.95,338.23999
14.77,180.309998
15.59,55.650002
16.41,0
