capacity,cost
2.05,1031.050049
2.25,816.599976
2.46,629.390015
2.66,473.130005
2.87,349.25
3.07,244.729996
3.28,150.570007
3.48,84.470001
3.69,44.959999
3.89,13.91
4.1,0
