capacity,cost
8.72,4390.160156
9.59,3478.27002
10.47,2680.350098
11.34,2015.459961
12.21,1487.449951
13.08,1041.959961
13.95,641.299988
14.83,359.519989
15.7,191.630005
16.57,59.150002
17.440001,0
