capacity,cost
18.16,9144.519531
19.98,7244.720215
21.799999,5582.240234
23.610001,4198.080078
25.43,3098.060059
27.25,2170.080078
29.059999,1335.829956
30.879999,748.909973
32.700001,399.119995
34.509998,123.160004
36.330002,0
