elevation,area,capacity
124,1.1360000371933,15.1560001373291
136,4.11499977111816,54.9059982299805