capacity,cost
11.53,4663614.5
34.599998,549062.5
57.669998,172360.359375
80.739998,61733.789062
92.279999,33742.5
103.809998,14202.389648
109.580002,6567.680176
115.349998,0
