capacity,cost
20.09,8121067.5
60.259998,956119.625
100.43,300142.75
140.610001,107501.21875
160.690002,58758.101562
180.779999,24731.580078
190.820007,11436.740234
200.869995,0
