capacity,cost
6.96,2812555
20.870001,331131.25
34.779999,103947.90625
48.700001,37230.710938
55.650002,20349.589844
59.130001,13962.75
62.610001,8565.25
64.349998,6174.189941
66.089996,3960.870117
67.830002,1907.900024
69.57,0
