capacity,cost
5.57,2250261.75
16.700001,264930.625
27.83,83166.382812
38.959999,29787.449219
44.529999,16281.25
47.310001,11171.280273
50.09,6852.859863
51.48,4939.830078
52.869999,3169
54.27,1526.469971
55.66,0
