capacity,cost
18.870001,7628889.5
56.610001,898173.9375
94.349998,281952.59375
132.080002,100986.101562
150.949997,55197.058594
169.820007,23232.720703
179.259995,10743.620117
188.690002,0
