capacity,cost
18.389999,7436401.5
55.18,875511.6875
91.970001,274838.5
128.75,98438.078125
147.149994,53804.359375
165.539993,22646.529297
174.740005,10472.540039
183.929993,0
