capacity,cost
14.32,5790417.5
42.970001,681724.6875
71.610001,214005.34375
100.25,76649.648438
114.580002,41895.21875
128.899994,17633.910156
136.059998,8154.529785
143.220001,0
