capacity,cost
9.14,3696046.75
27.43,435147.59375
45.709999,136600.46875
63.990002,48925.78125
73.129997,26741.890625
77.709999,18348.789062
82.279999,11255.799805
84.559998,8113.649902
86.849998,5205.069824
89.129997,2507.219971
91.419998,0
