capacity,cost
14.03,5671107
42.080002,667677.8125
70.129997,209595.796875
98.190002,75070.296875
112.220001,41031.980469
126.239998,17270.570312
133.259995,7986.509766
140.270004,0
