capacity,cost
16.870001,6819558
50.599998,802888.6875
84.339996,252040.859375
118.07,90272.71875
134.940002,49341.328125
151.809998,20768.019531
160.240005,9603.849609
168.669998,0
