capacity,cost
1.53,15867.110352
1.8,2086.139893
1.93,809.73999
2,481.670013
2.07,260.23999
2.1,177
2.14,107.480003
2.17,49.16
2.2,0
