capacity,cost
0.48,135.270004
0.53,115.879997
0.58,96.690002
0.63,77.730003
0.68,59.110001
0.73,41.130001
0.78,25.190001
0.82,13.61
0.87,6.63
0.92,2.04
0.97,0
