capacity,cost
0.37,104.330002
0.41,88.653954
0.45,72.980103
0.49,57.326244
0.52,45.59
0.56,31.719999
0.6,19.43
0.64,10.5
0.67,5.11
0.71,1.57
0.75,0
