capacity,cost
17.459999,91596.242188
21.18,12042.660156
23.040001,4674.379883
23.969999,2780.530029
24.9,1502.310059
25.360001,1021.73999
25.83,620.450012
26.290001,283.76001
26.75,0
