capacity,cost
17.459999,91596.242188
21.18,12042.660156
23.040001,4674.379883
24.9,1502.310059
25.83,620.450012
26.75,0
