capacity,cost
4.57,41051.929688
5.37,5397.319824
5.77,2094.97998
6.17,673.309998
6.37,278.079987
6.57,0
