capacity,cost
4.57,41051.929688
5.37,5397.319824
5.77,2094.97998
5.97,1246.189941
6.17,673.309998
6.27,457.929993
6.37,278.079987
6.47,127.18
6.57,0
