capacity,cost
0.77,467156.125
2.3,54999.808594
3.83,17265.410156
5.37,6183.899902
6.13,3380
6.9,1422.660034
7.28,657.890015
7.67,0
