capacity,cost
0.71,372.839996
0.78,281.809998
0.85,207.259995
0.93,149.529999
1,106.25
1.07,73.309998
1.14,45.360001
1.21,24.940001
1.28,12.68
1.35,3.95
1.42,0
