capacity,cost
0.24,125.769997
0.26,95
0.29,68.164001
0.31,50.290001
0.34,34.818001
0.36,24.52
0.38,15.33
0.41,8.43
0.43,4.29
0.46,1.33
0.48,0
