capacity,cost
0.39,202.460007
0.43,151.141434
0.46,112.669998
0.5,81.370003
0.54,57.59
0.58,39.73
0.62,24.68
0.66,13.61
0.7,6.87
0.74,2.14
0.77,0
