capacity,cost
13.18,6902.720215
14.49,5216.77002
15.81,3835.469971
17.129999,2766.280029
18.450001,1964.670044
19.76,1354.319946
21.08,840.409973
22.4,462.01001
23.719999,234.880005
25.030001,73.110001
26.35,0
