capacity,cost
0.85,444.950012
0.93,335.970001
1.02,247.240005
1.1,178.130005
1.19,126.620003
1.27,87.18
1.36,54.16
1.44,29.709999
1.53,15.12
1.61,4.72
1.7,0
