capacity,cost
11.93,6248.319824
13.12,4721.990234
14.31,3471.939941
15.5,2503.97998
16.700001,1778.27002
17.889999,1225.910034
19.08,760.650024
20.280001,418.209991
21.469999,212.580002
22.66,66.18
23.85,0
