capacity,cost
1.61,845.72998
1.78,639.309998
1.94,469.730011
2.1,338.829987
2.26,240.690002
2.42,165.990005
2.58,102.870003
2.74,56.560001
2.91,28.75
3.07,8.95
3.23,0
