capacity,cost
3.44,1801.890015
3.78,1362.140015
4.13,1001.450012
4.47,722.169983
4.82,512.77002
5.16,353.630005
5.5,219.389999
5.85,120.580002
6.19,61.34
6.54,19.1
6.88,0
