capacity,cost
5.72,2995.679932
6.29,2264.25
6.86,1664.689941
7.43,1200.420044
8.01,852.650024
8.58,587.72998
9.15,364.769989
9.72,200.520004
10.29,101.900002
10.87,31.75
11.44,0
