capacity,cost
0,308.766907
78.636559,208.609055
117.954842,162.889343
157.273117,118.781372
196.5914,76.197487
235.909683,35.828136
275.227966,0
