capacity,cost
0,396.827576
81.163704,275.812134
121.745552,215.872681
162.327408,156.152939
202.909256,96.744713
243.491104,45.433323
284.072968,0
