capacity,cost
0,399.499542
81.163704,283.666565
121.745552,226.073975
162.327408,168.797607
202.909256,111.871384
243.491104,55.596516
284.072968,0
