capacity,cost
0,331.537292
73.309204,226.049088
109.963806,177.689667
146.618408,130.767303
183.27301,85.200119
219.927612,41.286533
256.582214,0
