capacity,cost
0,371.924103
81.163704,255.291443
121.745552,200.080078
162.327408,146.490433
202.909256,94.618401
243.491104,45.098717
284.072968,0
