capacity,cost
0,399.927704
81.163704,275.742981
121.745552,215.375687
162.327408,155.75148
202.909256,97.376289
243.491104,45.551105
284.072968,0
