capacity,cost
0,309.827759
78.636559,213.204788
117.954842,167.663193
157.273117,123.299034
196.5914,80.150307
235.909683,38.651737
275.227966,0
