capacity,cost
0,337.026306
81.163704,205.379761
121.745552,155.132187
162.327408,110.135231
202.909256,69.690727
243.491104,32.43787
284.072968,0
