capacity,cost
0,310.731537
81.163704,210.713974
121.745552,164.474075
162.327408,119.913254
202.909256,77.198471
243.491104,36.757549
284.072968,0
