capacity,cost
0,376.325073
78.636559,264.561523
117.954842,211.225601
157.273117,158.073914
196.5914,105.090416
235.909683,52.333183
275.227966,0
