capacity,cost
0,383.607056
81.163704,269.494263
121.745552,215.000244
162.327408,160.769409
202.909256,106.825432
243.491104,53.200249
284.072968,0
