capacity,cost
0,375.449707
78.636559,266.811615
117.954842,213.006577
157.273117,159.369171
196.5914,105.896103
235.909683,52.684193
275.227966,0
