capacity,cost
0.07,28.879999
0.08,20.469999
0.09,15.09
0.1,9.73
0.11,5.365
0.12,1.02
0.13,0
