capacity,cost
2.09,1166.109985
2.3,936.940002
2.51,784.47998
2.72,653.150024
2.92,533.219971
3.13,419.079987
3.34,311.799988
3.55,209.5
3.76,116.849998
3.97,37.439999
4.18,0
