capacity,cost
3.72,2077.969971
4.09,1670.160034
4.47,1398.280029
4.84,1163.699951
5.21,950.320007
5.58,747.109985
5.96,555.599976
6.33,373.450012
6.7,208.619995
7.07,66.760002
7.45,0
