capacity,cost
52.080002,29065.25
57.290001,23359.789062
62.490002,19562.300781
67.699997,16279.969727
72.910004,13294.80957
78.120003,10451
83.330002,7771.439941
88.529999,5223.350098
93.739998,2917.300049
98.949997,932.039978
104.160004,0
