capacity,cost
45.09,25167.210938
49.599998,20226.779297
54.110001,16938.519531
58.619999,14096.769531
63.130001,11511.889648
67.639999,9049.429688
72.150002,6729.200195
76.660004,4522.810059
81.169998,2525.929932
85.68,806.929993
90.190002,0
