capacity,cost
22.889999,12775.780273
25.18,10267.540039
27.469999,8598.620117
29.76,7156.02002
32.049999,5843.72998
34.34,4593.890137
36.630001,3415.929932
38.91,2295.889893
41.200001,1282.089966
43.490002,409.640015
45.779999,0
