capacity,cost
30.790001,17181.439453
33.860001,13808.799805
36.939999,11564.030273
40.02,9623.75
43.099998,7859.109863
46.18,6178.060059
49.259998,4594.109863
52.34,3087.679932
55.41,1724.48999
58.490002,550.98999
61.57,0
