capacity,cost
1.2,666.969971
1.31,536.440002
1.43,448.980011
1.55,373.880005
1.67,305.149994
1.79,239.990005
1.91,178.350006
2.03,120
2.15,66.910004
2.27,21.5
2.39,0
