capacity,cost
12.4,6920.560059
13.64,5561.910156
14.88,4657.580078
16.120001,3876.399902
17.360001,3165.550049
18.6,2488.350098
19.84,1850.630005
21.08,1243.699951
22.32,694.609985
23.559999,221.860001
24.799999,0
