capacity,cost
4.77,2660.189941
5.24,2137.860107
5.72,1790.22998
6.2,1489.689941
6.67,1216.859985
7.15,956.539978
7.63,711.210022
8.1,477.940002
8.58,266.76001
9.06,85.339996
9.53,0
