capacity,cost
0.87,242.289993
0.96,205.787643
1.04,173.360001
1.13,138.854538
1.22,104.356255
1.3,73.709999
1.39,45.25
1.48,24.32
1.56,11.84
1.65,3.64
1.74,0
