capacity,cost
88.220001,24631.390625
97.040001,21100.919922
105.870003,17605.679688
114.690002,14153.150391
123.510002,10764.120117
132.330002,7488.509766
141.160004,4587.169922
149.979996,2478.25
158.800003,1206.439941
167.619995,371.339996
176.440002,0
