capacity,cost
12.02,6083.410156
13.22,5257.459961
14.42,4465.72998
15.62,3723.330078
16.82,3032.689941
18.02,2386.780029
19.23,1762.420044
20.43,1153.829956
21.629999,627.940002
22.83,199.919998
24.030001,0
