capacity,cost
36.240002,18346.25
39.860001,15854.860352
43.490002,13467.959961
47.110001,11228.5
50.73,9146.30957
54.360001,7197.830078
57.98,5314.549805
61.610001,3479.820068
65.230003,1893.430054
68.849998,602.97998
72.480003,0
