capacity,cost
1.56,788.390015
1.71,681.26001
1.87,578.560974
2.02,482.299988
2.18,393.089996
2.34,308.016785
2.49,228.279999
2.65,149.399994
2.8,81.449997
2.96,25.92
3.11,0
