capacity,cost
3.44,1740.27002
3.78,1503.800049
4.12,1277.25
4.47,1065.099976
4.81,867.51001
5.16,682.869995
5.5,504.149994
5.84,330.029999
6.19,179.679993
6.53,57.200001
6.87,0
