capacity,cost
43.939999,22245.189453
48.34,19224.269531
52.73,16329.990234
57.119999,13614.55957
61.52,11090.139648
65.910004,8727.490234
70.309998,6443.899902
74.699997,4219.47998
79.089996,2295.889893
83.489998,731.179993
87.879997,0
