capacity,cost
17.940001,9084.629883
19.74,7851.029785
21.530001,6669.189941
23.33,5559.970215
25.120001,4529.029785
26.92,3564.25
28.709999,2631.719971
30.51,1723.01001
32.299999,937.48999
34.099998,298.559998
35.889999,0
