capacity,cost
29.950001,15163.379883
32.950001,13104.30957
35.939999,11131.519531
38.939999,9280.610352
41.93,7559.75
44.93,5949
47.919998,4392.470215
50.919998,2876.060059
53.919998,1564.890015
56.91,498.359985
59.91,0
