capacity,cost
0.55,277.01001
0.6,239.270004
0.66,201.214539
0.71,169.520004
0.77,136.357269
0.82,108.739998
0.88,77.982727
0.93,52.369999
0.98,28.6
1.04,9.02
1.09,0
