capacity,cost
9.55,4833.680176
10.5,4177.259766
11.46,3548.429932
12.41,2958.350098
13.37,2409.77002
14.32,1896.420044
15.28,1400.199951
16.23,916.830017
17.190001,498.839996
18.139999,158.899994
19.1,0
