capacity,cost
5.78,2923.530029
6.35,2526.560059
6.93,2146.25
7.51,1789.410034
8.09,1457.650024
8.66,1146.839966
9.24,846.789978
9.82,554.429993
10.4,301.670013
10.97,96.080002
11.55,0
