capacity,cost
79.220001,20656.529297
87.139999,17481.929688
95.059998,14340.400391
102.989998,11242.429688
110.910004,8218.459961
118.830002,5351
126.75,2777.040039
134.669998,1103.619995
142.589996,450.140015
150.520004,137.869995
158.440002,0
