capacity,cost
21.58,5626.359863
23.73,4761.52002
25.889999,3905.939941
28.049999,3062.040039
30.209999,2238.47998
32.369999,1457.310059
34.52,756.369995
36.68,300.619995
38.84,122.599998
41,37.560001
43.150002,0
