capacity,cost
0.47,109006.960938
1.41,12833.740234
2.35,4028.73999
3.29,1442.959961
3.75,788.690002
4.22,331.970001
4.46,153.509995
4.69,0
