capacity,cost
1.15,266479.78125
3.44,31373.529297
5.74,9848.700195
8.03,3527.47998
9.18,1928.050049
10.33,811.530029
10.9,375.279999
11.47,0
