capacity,cost
0.02,4454.930176
0.06,524.48999
0.1,164.649994
0.13,58.970001
0.15,32.23
0.16,22.120001
0.17,13.57
0.175,9.78
0.18,6.27
0.185,3.02
0.19,0
