capacity,cost
1.27,295083.25
3.81,34741.109375
6.35,10905.839844
8.89,3906.110107
10.16,2135.01001
11.43,898.640015
12.07,415.559998
12.7,0
