capacity,cost
1.13,261549.546875
3.38,30793.080078
5.63,9666.490234
7.88,3462.219971
9.01,1892.380005
10.14,796.51001
10.7,368.339996
11.26,0
