capacity,cost
0.79,183468.453125
2.37,21600.339844
3.95,6780.720215
5.53,2428.629883
6.32,1327.439941
7.11,558.72998
7.5,258.380005
7.9,0
