capacity,cost
0.49,114867.117188
1.48,13523.679688
2.47,4245.319824
3.46,1520.530029
3.96,831.090027
4.45,349.809998
4.7,161.770004
4.95,0
