capacity,cost
0.85,197769.40625
2.55,23284.029297
4.26,7309.27002
5.96,2617.939941
6.81,1430.910034
7.66,602.280029
8.09,278.51001
8.52,0
