capacity,cost
0,484.610291
66.126198,327.412323
99.189301,255.655136
132.252396,186.427597
165.315491,119.592102
198.378601,56.232334
231.441696,0
