capacity,cost
0,622.821655
68.251297,432.887665
102.376938,338.812592
136.502594,245.082352
170.628235,151.841019
204.753876,71.307693
238.879532,0
