capacity,cost
0,627.01532
68.251297,445.21524
102.376938,354.823547
136.502594,264.928192
170.628235,175.582352
204.753876,87.258842
238.879532,0
