capacity,cost
0,520.34845
61.646378,354.784485
92.469566,278.884277
123.292755,205.239548
154.115936,133.721756
184.939133,64.799294
215.762314,0
