capacity,cost
0,583.735596
68.251297,400.68042
102.376938,314.026093
136.502594,229.917038
170.628235,148.503769
204.753876,70.782532
238.879532,0
