capacity,cost
0,627.687317
68.251297,432.779144
102.376938,338.032562
136.502594,244.452255
170.628235,152.832275
204.753876,71.492554
238.879532,0
