capacity,cost
0,486.275299
66.126198,334.625336
99.189301,263.147736
132.252396,193.518082
165.315491,125.796066
198.378601,60.663979
231.441696,0
