capacity,cost
0,528.963501
68.251297,322.343964
102.376938,243.480286
136.502594,172.857468
170.628235,109.379738
204.753876,50.911304
238.879532,0
