capacity,cost
0,487.693787
68.251297,330.716003
102.376938,258.142365
136.502594,188.204086
170.628235,121.163162
204.753876,57.691048
238.879532,0
