capacity,cost
0,590.642944
66.126198,415.229828
99.189301,331.519012
132.252396,248.097321
165.315491,164.939621
198.378601,82.137032
231.441696,0
