capacity,cost
0,602.072021
68.251297,422.971771
102.376938,337.443298
136.502594,252.327911
170.628235,167.662735
204.753876,83.497894
238.879532,0
