capacity,cost
0,589.269043
66.126198,418.761353
99.189301,334.31427
132.252396,250.130234
165.315491,166.204147
198.378601,82.68795
231.441696,0
