capacity,cost
7.67,3366.070068
8.44,2828.98999
9.21,2328.790039
9.97,1866.5
10.74,1439.75
11.51,1037.75
12.28,677.419983
13.04,404.640015
13.81,216.119995
14.58,67.699997
15.35,0
