capacity,cost
21.639999,9492.009766
23.799999,7977.439941
25.959999,6566.959961
28.129999,5263.339844
30.290001,4059.899902
32.450001,2926.290039
34.619999,1910.180054
36.779999,1141.040039
38.939999,609.450012
41.110001,190.929993
43.27,0
