capacity,cost
0.65,283.950012
0.71,238.710007
0.78,194.966156
0.84,157.490005
0.91,119.82
0.97,87.550003
1.04,57.139999
1.1,34.119999
1.17,18.209999
1.23,5.71
1.29,0
