capacity,cost
1.16,509.450012
1.28,427.526947
1.39,352.450012
1.51,282.480011
1.63,217.028259
1.74,157.050003
1.86,102.510002
1.97,61.240002
2.09,32.700001
2.21,10.24
2.32,0
