capacity,cost
23.83,10452.530273
26.209999,8784.719727
28.59,7231.47998
30.969999,5795.899902
33.360001,4470.72998
35.740002,3222.439941
38.119999,2103.459961
40.5,1256.530029
42.889999,671.119995
45.27,210.240005
47.650002,0
