capacity,cost
0.63,274.559998
0.69,230.800003
0.75,189.979996
0.81,152.25
0.88,115.856155
0.94,84.68
1,55.259998
1.06,33
1.13,17.639999
1.19,5.53
1.25,0
