capacity,cost
6.07,2664.76001
6.68,2239.590088
7.29,1843.540039
7.9,1477.569946
8.5,1139.75
9.11,821.530029
9.72,536.280029
10.33,320.329987
10.93,171.089996
11.54,53.599998
12.15,0
