capacity,cost
3.56,1562.040039
3.92,1312.839966
4.27,1080.660034
4.63,866.159973
4.98,668.090027
5.34,481.559998
5.7,314.380005
6.05,187.770004
6.41,100.300003
6.76,31.41
7.12,0
